Series Name,Series Code,Country Name,Country Code,2000 [YR2000],2001 [YR2001],2002 [YR2002],2003 [YR2003],2004 [YR2004],2005 [YR2005],2006 [YR2006],2007 [YR2007],2008 [YR2008],2009 [YR2009],2010 [YR2010],2011 [YR2011],2012 [YR2012],2013 [YR2013],2014 [YR2014],2015 [YR2015],2016 [YR2016],2017 [YR2017],2018 [YR2018]
GDP (constant 2010 US$),NY.GDP.MKTP.KD,Afghanistan,AFG,..,..,7465114629.45783,8124454291.89637,8239343660.83276,9164598458.53793,9655582953.98019,10990594706.5564,11421973770.8233,13865194314.7185,15856574731.4411,15924179997.7914,17954877146.6564,18960483969.8941,19477070577.8584,19759744157.4377,20206376461.4103,20744935406.0955,..
GDP (constant 2010 US$),NY.GDP.MKTP.KD,Albania,ALB,6933521382.45219,7508310305.05748,7849187592.90709,8283247666.79486,8739654613.23524,9222957513.34716,9767112006.63463,10351185304.6314,11127524202.4788,11500296263.2618,11926957254.6288,12231094664.6218,12404776208.8595,12528823970.9481,12750584155.2338,13033647123.48,13470274302.1166,13986932578.969,..
GDP (constant 2010 US$),NY.GDP.MKTP.KD,Algeria,DZA,110423586430.994,113745564598.73,120125920931.173,128777236288.584,134316749131.751,142251902308.528,144648118986.031,149526919452.577,153055956405.236,155554202821.621,161207268655.392,165869166838.539,171466867482.163,176212451150.234,182889354514.369,189772334940.908,196034821993.495,199171379146.415,..
GDP (constant 2010 US$),NY.GDP.MKTP.KD,American Samoa,ASM,..,..,623365638.76652,628440528.634361,631823788.546256,629286343.612335,603066079.295154,614907488.986784,598837004.405287,573462555.066079,576000000,577691629.955947,552317180.61674,537092511.013216,542167400.881057,548933920.704846,534555066.079295,505797356.828194,..
GDP (constant 2010 US$),NY.GDP.MKTP.KD,Andorra,AND,2668012839.88281,2789321202.45229,2969818586.67949,3331207491.64175,3585973903.04456,3851227772.83026,4025933064.029,4027543882.80023,3681577710.754,3545703433.76383,3355695364.23841,3199771534.45741,3148088242.81882,3159158337.77854,3231113955.01675,3258326510.42858,3319880351.13342,3382068237.52481,..
GDP (constant 2010 US$),NY.GDP.MKTP.KD,Angola,AGO,35998401929.8754,37512494194.4879,42638834053.5688,43913671240.4937,48723474948.0326,56046084738.6307,62518109040.705,71276907517.7744,79235785611.2942,79916193296.1949,83799496611.6049,86708999528.823,94115810020.6707,98778862980.2076,103542597665.682,104519600366.385,101822893038.982,101673002182.778,..
GDP (constant 2010 US$),NY.GDP.MKTP.KD,Antigua and Barbuda,ATG,1001496498.43775,951881606.627174,961629833.390877,1019884488.65454,1078389759.3889,1147540484.14892,1293605271.42034,1413385625.56558,1412959729.93684,1241885106.24758,1152469068.51852,1128507775.4842,1168080145.02604,1166866906.03994,1221221065.34845,1270384239.04835,1341395404.02289,1382074643.03003,..
GDP (constant 2010 US$),NY.GDP.MKTP.KD,Argentina,ARG,303229512290.352,289860609223.184,258281789127.305,281106256200.528,306488951656.956,333618311350.415,360465082297.96,392934518437.813,408876787794.809,384677312577.801,423627422092.49,449061807872.401,444452545623.356,455143068397.581,443707073929.401,455825423287.839,447517812725.52,460292057147.949,..
GDP (constant 2010 US$),NY.GDP.MKTP.KD,Armenia,ARM,4310688308.03982,4722645335.98072,5345387542.90141,6095922452.64277,6734033974.85163,7667755681.51717,8679746345.92189,9873142200.51879,10554389012.5207,9060944166.21841,9260284937.79782,9695518329.74636,10393595649.8063,10736584306.25,11123101341.2749,11479040584.1958,11501998665.3641,12364648565.2664,..
GDP (constant 2010 US$),NY.GDP.MKTP.KD,Aruba,ABW,2581804607.81403,2505092558.00282,2423084673.45471,2470953856.9732,2666444969.3824,2698824912.71875,2727178946.35418,2776274326.82278,2773756030.74943,2481963897.09079,2390502793.29609,2472880828.36298,2439005748.52239,2541400876.22235,2562957745.21181,2551409422.53889,2546020205.29152,2579895285.13211,..
GDP (constant 2010 US$),NY.GDP.MKTP.KD,Australia,AUS,848732984009.725,865139889945.946,899771632525.692,926636518197.177,963712223078.423,994457691605.883,1022642934821.49,1061271523267.56,1100090360276.03,1121242097879.43,1144260547872.81,1172307576320.87,1217933084117.14,1250080212993.17,1282061484148.13,1312204498894.69,1349304594617.26,1375718249724.1,..
GDP (constant 2010 US$),NY.GDP.MKTP.KD,Austria,AUT,336495475309.688,340759446602.411,346387257223.224,349648400806.147,359211698966.039,367272649488.203,379958397501.957,394121024471.145,399876867204.146,384823180705.023,391892746544.69,403346978477.779,406091530301.534,406195100294.014,409561376690.276,414033189912.921,420040461384.701,432789834749.335,..
GDP (constant 2010 US$),NY.GDP.MKTP.KD,Azerbaijan,AZE,13146538452.8659,14448045759.6996,15979538494.8706,17769246844.1912,19581710093.0734,24751281715.9126,33290473786.6938,41629404406.7868,46113899018.7892,50453518392.5171,52902703376.1056,52937578302.4383,54102205124.8452,57238335961.2495,58383102680.4744,59025316698.5035,57195531761.5917,57252727186.9126,..
GDP (constant 2010 US$),NY.GDP.MKTP.KD,"Bahamas, The",BHS,9409627491.5515,9656694580.55466,9917865835.46098,9792432526.23075,9878884030.66906,10214307272.5531,10471385975.1648,10622859247.2052,10375987506.7603,9942763009.20556,10095760000,10157636655.8148,10471171091.7508,10428194408.9434,10412761872.8443,10521571019.7704,10343803831.7942,10492464084.5963,..
GDP (constant 2010 US$),NY.GDP.MKTP.KD,Bahrain,BHR,15256276507.3657,15636315475.986,16201435104.2376,17177401647.9676,18376546950.2211,19620444333.8462,20889606053.0421,22621864899.6304,24034629395.827,24645054296.3673,25713271276.5957,26223377131.9619,27202099523.9053,28675502255.2549,29922841390.6393,30779223483.5898,31769062885.3112,33003237140.6953,..
GDP (constant 2010 US$),NY.GDP.MKTP.KD,Bangladesh,BGD,67013463192.5145,70415929567.4442,73115059421.307,76580396941.519,80592852042.2251,85860356477.7026,91588877878.6561,98053769823.2911,103950517391.466,109194950718.059,115279077465.226,122731159566.449,130734992458.51,138596885516.148,146997325017.061,156629549345.307,167771375851.352,179992151721.964,..
GDP (constant 2010 US$),NY.GDP.MKTP.KD,Barbados,BRB,4122564643.05277,4024556034.32536,4056812032.13438,4144482180.02556,4202791099.14187,4369860626.25525,4617570147.89118,4699037219.28063,4704826757.34891,4517907385.42998,4529900000,4559674767.20833,4572494458.64524,4572907997.07869,4573735073.94559,4615088917.29049,4707721526.38306,4754798741.64689,..
GDP (constant 2010 US$),NY.GDP.MKTP.KD,Belarus,BLR,28735090127.7189,30092911067.429,31611178874.4356,33837615109.4513,37711935052.1133,41256857576.2153,45382541131.6249,49285442638.7848,54312557592.8877,54421180122.0475,58665088956.0255,61820512466.141,62863508300.7594,63494325276.0969,64590481690.9209,62116943620.6317,60547592312.6721,62013997098.9821,..
GDP (constant 2010 US$),NY.GDP.MKTP.KD,Belgium,BEL,411797007026.657,415138919310.621,422530493925.208,425803276682.695,441279866082.047,450521469885.385,461812169170.948,477739949852.491,481481480330.318,470632861743.554,483548031197.108,492243688300.301,493399461340.966,494389469549.126,500783236684.815,507929197181.313,515102640677.261,524012714948.032,..
GDP (constant 2010 US$),NY.GDP.MKTP.KD,Belize,BLZ,949011339.40932,996609808.666379,1047635085.31241,1145357976.24016,1198595214.82731,1229495105.0487,1285825657.33008,1300041567.419,1342018033.27385,1351020310.06112,1396731700,1426937515.02326,1468858265.53273,1481371977.7259,1536069733.92865,1588786886.58966,1579444443.95268,1602145624.35887,..
GDP (constant 2010 US$),NY.GDP.MKTP.KD,Benin,BEN,4766643561.74839,5020725247.66353,5253911326.863,5434858389.27326,5675602453.88052,5772744795.73959,6000595826.4159,6359822426.97484,6670811297.13694,6826194585.37376,6970240895.49888,7176751732.08258,7522418417.64518,8063258961.67978,8575423619.90242,8755148067.02613,9102277422.82945,9633652295.47865,..
GDP (constant 2010 US$),NY.GDP.MKTP.KD,Bermuda,BMU,4945919646.2653,5303135527.75517,5224766301.37623,5402967729.76868,5528385008.41416,5620941625.4668,5932559093.07918,6101393205.83452,6194616021.02816,5867281536.74729,5744414000,5552579615.57093,5284137923.53055,5151445059.9242,..,..,..,..,..
GDP (constant 2010 US$),NY.GDP.MKTP.KD,Bhutan,BTN,688733275.071953,745235395.466464,825183060.874733,888427847.119336,940813179.477384,1007823159.38045,1076852655.51349,1269887377.45454,1330440105.87773,1419010481.1982,1585472534.10547,1710580806.57351,1797336501.23336,1835844373.82886,1941321989.27355,2070314376.30943,2236397091.16322,2339922180.01249,..
GDP (constant 2010 US$),NY.GDP.MKTP.KD,Bolivia,BOL,13481211733.9622,13708208503.73,14048934915.4679,14429849406.7446,15032049492.1373,15696681754.5709,16449653017.8603,17200478143.0285,18258049059.1816,18870971995.9564,19649724655.4886,20672314545.3975,21731207275.1952,23208062665.3852,24475355115.315,25664169101.2128,26758468587.3794,27881041739.7675,..
GDP (constant 2010 US$),NY.GDP.MKTP.KD,Bosnia and Herzegovina,BIH,11310743278.9328,11808415927.4057,12434262003.1151,12931632491.3659,13720457777.4768,14922267894.6299,15730647389.4494,16651768808.8305,17555414776.1901,17028269113.564,17176781336.7644,17341498611.7695,17198998442.4731,17603071036.7712,17805439832.058,18353281641.4979,18930321663.1679,19533480056.8836,..
GDP (constant 2010 US$),NY.GDP.MKTP.KD,Botswana,BWA,8563534596.26097,8584992576.02696,9106061350.41439,9527298168.17184,9785089872.92033,10230961745.6804,11086666195.2035,12004283368.7509,12754003367.4123,11778027466.4962,12786654365.8738,13560031674.6853,14164289360.2583,15771004794.7832,16425383650.6027,16146491230.1971,16843290880.1571,17240806145.124,..
GDP (constant 2010 US$),NY.GDP.MKTP.KD,Brazil,BRA,1538900699686.93,1560181111439.24,1607829299910.86,1626156734970.79,1719895102552.35,1774870932268.27,1845107843393.43,1956927902720.43,2056552321671.49,2053965689829.48,2208871646202.82,2296901313455.03,2341302893954.86,2411783265631.78,2424040195497.99,2337992410593.76,2256907026242.19,2278936372567.31,..
GDP (constant 2010 US$),NY.GDP.MKTP.KD,British Virgin Islands,VGB,..,..,..,..,..,..,..,..,..,..,..,..,..,..,..,..,..,..,..
GDP (constant 2010 US$),NY.GDP.MKTP.KD,Brunei Darussalam,BRN,11971150348.3682,12299643564.3564,12775897689.769,13146904070.407,13213206307.2974,13264408434.1768,13847739933.9934,13869146021.2688,13600124165.7499,13360145141.1808,13707370737.0737,14220755408.8742,14350568390.1724,14045471213.788,13715438210.4877,13637697103.0436,13301457645.7646,13478200979.2483,..
GDP (constant 2010 US$),NY.GDP.MKTP.KD,Bulgaria,BGR,32315283606.3355,33533640178.6923,35524705563.8283,37356436983.8906,39760457560.5794,42592798158.9278,45520779748.2063,48864017869.2297,51806552050.9002,49948693651.0085,50610058210.3696,51579193177.2032,51595167185.5963,51850006768.6476,52802761608.2307,54635643698.3891,56786516853.9326,58950791931.772,..
GDP (constant 2010 US$),NY.GDP.MKTP.KD,Burkina Faso,BFA,5046707523.52324,5380466456.43255,5614678393.87183,6052760301.03174,6323831618.4998,6871593161.43807,7301284780.41566,7714172808.44856,8276883001.25427,8522045465.25424,8979966766.07232,9575057057.97374,10192906645.5417,10783339866.97,11249917444.6573,11688050885.8802,12381635616.5773,13161938186.8,..
GDP (constant 2010 US$),NY.GDP.MKTP.KD,Burundi,BDI,1462076190.5881,1492133656.85778,1558481669.66612,1539410093.7348,1613819909.2142,1628344288.44335,1716499707.8749,1775752462.2736,1862084450.49236,1933081018.33396,2032135246.50004,2114083183.17763,2208090293.90699,2316820971.52452,2415069278.13462,2320881501.74636,2306955748.5603,2318490757.99747,..
GDP (constant 2010 US$),NY.GDP.MKTP.KD,Cabo Verde,CPV,948465609.657377,969632085.04843,1020546411.32196,1063167075.75349,1171578994.42458,1252563900.2118,1352565476.19448,1557758964.15815,1661358043.76208,1640251719.75984,1664310769.55229,1730365372.41875,1749086511.67248,1763128136.22015,1773904598.7102,1791765400.30868,1876082144.38247,1951374146.9488,..
GDP (constant 2010 US$),NY.GDP.MKTP.KD,Cambodia,KHM,5241366891.85216,5631670884.44008,6002175104.92402,6512713850.50169,7186162900.36652,8138335730.42109,9014922681.30467,9935578323.29943,10600425244.3636,10609615490.7202,11242275198.9783,12037055707.6797,12917367180.2477,13867654629.7499,14858161721.6852,15903594933.6638,16995073300.8889,18201700723.3023,..
GDP (constant 2010 US$),NY.GDP.MKTP.KD,Cameroon,CMR,17770523602.1425,18546755043.3587,19332618830.0545,20215577280.1935,21586386665.2998,22022574644.1204,22784042334.906,23900962052.9678,24734819036.7304,25278654623.5694,26143818509.6421,27223369236.2615,28460199046.8585,29998263824.8652,31763379465.2944,33558475339.5266,35118434874.4696,36364818792.9552,..
GDP (constant 2010 US$),NY.GDP.MKTP.KD,Canada,CAN,1342736881188.7,1366514322196.39,1407646626140.14,1433016265611.16,1477238591688,1524530644076.37,1564525373435.42,1596797584439.46,1612771324291.35,1565201220603.96,1613464422811.13,1664146873841.15,1693194096275.46,1735100681636.87,1784650632037.56,1802512887794.11,1828002272029.79,1883707911710.79,..
GDP (constant 2010 US$),NY.GDP.MKTP.KD,Cayman Islands,CYM,..,..,..,..,..,..,..,..,..,..,..,..,..,..,..,..,..,..,..
GDP (constant 2010 US$),NY.GDP.MKTP.KD,Central African Republic,CAF,1546822903.59629,1615884509.44258,1674323654.49258,1583952282.73051,1678908388.30676,1694156410.82443,1774986060.51015,1856769161.91103,1894909632.15881,1927298170.77486,1986015906.25044,2051568713.7193,2135945588.04806,1352054573.12882,1366116184.69614,1431688205.2978,1496562091.9823,1560913334.86281,..
GDP (constant 2010 US$),NY.GDP.MKTP.KD,Chad,TCD,3858672132.83035,4308521325.94343,4674366911.82481,5362511643.5076,7165890624.73454,8407921034.68586,8462426392.92879,8739274636.73703,9006057733.52815,9385905829.95638,10657705536.4978,10666537555.594,11614000868.1864,12275999075.9554,13123041176.3602,13486244396.1105,12642608725.1014,12269174945.5376,..
GDP (constant 2010 US$),NY.GDP.MKTP.KD,Channel Islands,CHI,..,..,..,..,..,..,..,..,..,..,..,..,..,..,..,..,..,..,..
GDP (constant 2010 US$),NY.GDP.MKTP.KD,Chile,CHL,144524703666.117,149298423006.472,153937081014.428,160234720403.17,171786906198.963,181652337025.042,193127635486.362,202601172713.024,209752043005.204,206471018816.037,218537551220.071,231892203586.311,244225687257.03,254104626803.632,258593994337.717,264555250851.642,267904170064.212,271895690380.202,..
GDP (constant 2010 US$),NY.GDP.MKTP.KD,China,CHN,2237080553585.02,2423651070682.23,2644946068879.54,2910382356610.87,3204657620171.13,3569853222249.4,4023919953922.87,4596579616811.11,5040346714259.97,5514129888591.98,6100620488867.55,6682402684926.16,7207389755117.65,7766512755882.13,8333286913499.17,8908300778495.9,9505156930655.12,10161012758870.3,..
GDP (constant 2010 US$),NY.GDP.MKTP.KD,Colombia,COL,192514504219.126,195744701827.503,200646110923.513,208507971113.511,219627747225.395,229964649994.772,245554885937.816,262372092382.341,270917678590.899,274183380149.231,286103648654.545,307168118234.167,319157056433.177,333732543571.171,349512460297.654,359843859560.975,366906206488.802,373470864986.894,..
GDP (constant 2010 US$),NY.GDP.MKTP.KD,Comoros,COM,702240545.264826,718623164.81723,735330757.160477,750801172.387707,765214000.725441,786927314.303075,807756929.940697,814219327.456845,846787872.504037,873886042.238708,907093130.313521,944282560.395418,974502179.30529,1018353551.59947,1039739041.74774,1051175803.4746,1074177605.66154,1103262670.44198,..
GDP (constant 2010 US$),NY.GDP.MKTP.KD,"Congo, Dem. Rep.",COD,13660045126.8279,13373160543.8866,13767369914.346,14535289345.1274,15514731493.4809,16466583721.9743,17342767276.9549,18428333938.383,19575662524.8682,20134560220.3573,21565720044.4634,23048292322.5825,24681701508.4285,26775192727.4219,29310880617.2735,31338076169.6075,32089995419.0273,33277598255.133,..
GDP (constant 2010 US$),NY.GDP.MKTP.KD,"Congo, Rep.",COG,7627595733.65268,7917642833.95722,8280418940.53943,8347760613.01877,8637981498.28454,9307922523.85313,9888364294.38467,9731908344.8726,10274192976.075,11041566540.1611,12007880438.6232,12418629883.7549,12890534256.7459,13334059545.5669,14238097603.1698,14614906845.3719,14205686707.8991,13765310419.9542,..
GDP (constant 2010 US$),NY.GDP.MKTP.KD,Costa Rica,CRI,24457392015.5208,25311069829.7044,26144247771.1994,27256810179.9435,28438822144.3142,29539652924.8185,31677654057.4805,34265051943.7656,35858239193.411,35510217657.9718,37268635287.1516,38873833296.214,40738579948.5669,41662949490.2877,43127543220.558,44693819767.6403,46591514831.1793,48119932948.4092,..
GDP (constant 2010 US$),NY.GDP.MKTP.KD,Cote d'Ivoire,CIV,22300414201.6886,22327480641.4857,21955138165.9699,21656650171.2742,21923410906.1317,22300767039.1796,22638811513.3749,23038394863.9785,23624224724.0402,24392355457.3384,24884505034.5564,23792758395.8868,26340131049.779,28681616270.2215,31203899801.8261,33963218673.8589,36670680111.0118,39495088684.8628,..
GDP (constant 2010 US$),NY.GDP.MKTP.KD,Croatia,HRV,46758213878.7265,48372497795.3014,50913680942.5031,53755268599.0971,55859549093.45,58155133554.7504,60986019309.3113,64208308635.948,65515885554.0585,60738840025.7187,59844207748.9473,59640623500.9058,58268505767.632,57981971089.4384,57931229123.7756,59321921508.0542,61419621503.7389,63213911836.3636,..
GDP (constant 2010 US$),NY.GDP.MKTP.KD,Cuba,CUB,38729221263.7745,39962758542.8036,40532156423.1685,42069435823.0969,44497068633.1936,49481477379.3051,55451844706.1798,59478833619.1821,61927474920.461,62826231727.1023,64328000000,66130664082.0884,68124437664.6088,69996226459.6195,70729490571.2058,73868565769.7899,74248073997.598,75572286635.3427,..
GDP (constant 2010 US$),NY.GDP.MKTP.KD,Curacao,CUW,..,..,..,..,..,..,..,..,..,..,..,..,..,..,..,..,..,..,..
GDP (constant 2010 US$),NY.GDP.MKTP.KD,Cyprus,CYP,18522105960.2649,19254198675.4967,19971019867.5497,20494913907.2848,21525059602.649,22569668874.1722,23633562913.9073,24838410596.0265,25744211920.5298,25225403973.5099,25562264900.6622,25665390728.4768,24926715231.7881,23481139072.8477,23173192052.9801,23627920529.8013,24764940397.351,25812847682.1192,..
GDP (constant 2010 US$),NY.GDP.MKTP.KD,Czech Republic,CZE,151842446297.436,156259186051.078,158841359810.454,164564397261.529,172638854345.293,183918160040.841,196523032214.994,207533517468.878,213100153155.394,202865864673.465,207477857918.919,211166468131.897,209477465212.781,208464283376.749,214124330763.29,225492702210.936,231340463131.439,241262838218.161,..
GDP (constant 2010 US$),NY.GDP.MKTP.KD,Denmark,DNK,298220951889.866,300675755568.694,302077941705.969,303256268808.649,311347732738.273,318622884652.143,331090534887.959,334100985495.393,332390304183.355,316081488955.962,321995350346.501,326299702617.764,327038668581.056,330091081644.537,335436494001.236,340825646884.154,347519725465.965,355304650098.016,..
GDP (constant 2010 US$),NY.GDP.MKTP.KD,Djibouti,DJI,..,..,..,..,..,..,..,..,..,..,1128611700.3618,..,..,..,..,..,..,..,..
GDP (constant 2010 US$),NY.GDP.MKTP.KD,Dominica,DMA,388563789.431248,388319762.590653,377334668.196127,401308217.288013,413550905.78344,416264763.752959,435657537.909321,463338169.769905,496331284.969603,490525414.255223,493824407.407407,492719836.576082,487502987.612144,484540471.997873,505806447.783027,492905854.325292,505337165.397268,457177174.261579,..
GDP (constant 2010 US$),NY.GDP.MKTP.KD,Dominican Republic,DOM,34399744511.2012,35245811857.9112,36830147546.1233,36334521972.6268,37268367977.0658,40782118016.1477,44523614464.9785,47825464215.3915,49360424527.5047,49827450735.0151,53982886258.2205,55674398434.0633,57187276663.7945,59975273688.4404,64555004673.9627,69095397696.4097,73664129264.5577,77017184251.8333,..
GDP (constant 2010 US$),NY.GDP.MKTP.KD,Ecuador,ECU,46459371078.3637,48325007474.5456,50304775101.152,51674512421.7873,55917517445.674,58876285668.9747,61468918471.6664,62815127109.2433,66808366776.0763,67186830556.6821,69555367000,75028081292.3641,79261137178.2611,83181798259.0618,86333447251.9654,86418807383.1387,85358980969.676,87380611573.98,..
GDP (constant 2010 US$),NY.GDP.MKTP.KD,"Egypt, Arab Rep.",EGY,136353109167.326,141173535145.328,144547870670.123,149163941485.901,155267836791.515,162211017698.761,173312477287.801,185596566592.559,198878383179.716,208173162897.756,218888324504.753,222750766480.633,227709643593.141,232686160554.691,239471083953.09,249940805429.576,260804841091.541,271709667876.141,..
GDP (constant 2010 US$),NY.GDP.MKTP.KD,El Salvador,SLV,15762939192.2857,15901230435.7578,16152606987.4286,16404948034.2828,16551081023.1557,16999196207.0351,17737453513.314,18067472874.2886,18451808686.6695,18067384770.9256,18447922400,19151123032.2875,19690049938.4193,20157726890.3731,20556700057.1359,21045462140.7433,21588556595.1552,22089971817.9378,..
GDP (constant 2010 US$),NY.GDP.MKTP.KD,Equatorial Guinea,GNQ,3369132140.08877,5504483893.3827,6575812458.086,7493483546.94777,10340911891.9249,12072880264.5669,13003085741.6938,14990232117.7878,17658359891.78,17895574579.7547,16298542027.9965,17361846462.6899,18805114508.9646,18027861797.9562,18102689377.1354,16453526925.8321,15049397649.8622,14309494798.3601,..
GDP (constant 2010 US$),NY.GDP.MKTP.KD,Eritrea,ERI,1939336012.36364,2109133320.04651,2172521829.09089,2114830167.75909,2145531908.7939,2200767544.94132,2179437333.32658,2210534025.98508,1994276818.23643,2071584990.21171,2117039512.19512,2300794306.42964,..,..,..,..,..,..,..
GDP (constant 2010 US$),NY.GDP.MKTP.KD,Estonia,EST,14121011168.8073,15014689085.8925,15927040858.0414,17108216227.3352,18185135022.5104,19889757107.0738,21932809902.7181,23632206205.7045,22351469214.5471,19060348608.4809,19490936349.1753,20971721297.2151,21875027647.655,22298647061.5152,22943236497.836,23327372037.3633,23808677023.3013,24964382783.2038,..
GDP (constant 2010 US$),NY.GDP.MKTP.KD,Eswatini,SWZ,3134761586.47074,3167825951.57376,3306579867.18493,3434882228.42243,3559359414.14342,3772877432.00497,3998954542.31774,4176323195.41783,4210638536.03824,4276537086.12669,4438778424.30203,4538527974.08081,4752652120.81667,5057821995.48748,5155489045.37073,5175653650.92985,5342437662.18855,5442504422.78282,..
GDP (constant 2010 US$),NY.GDP.MKTP.KD,Ethiopia,ETH,13074915711.7851,14160304516.1707,14374794288.769,14064103274.8829,15972968197.1422,17860775923.0952,19795942246.2104,22063798449.1645,24444156129.4695,26595865976.5256,29933790334.3418,33279878089.9327,36157859258.9667,39984181569.4229,44085556179.422,48667131302.6327,52347226227.4526,57710624012.0746,..
GDP (constant 2010 US$),NY.GDP.MKTP.KD,Faroe Islands,FRO,..,..,..,..,..,..,..,..,..,..,2301168186.90991,..,..,..,..,..,..,..,..
GDP (constant 2010 US$),NY.GDP.MKTP.KD,Fiji,FJI,2689258981.99094,2743044147.33452,2830821574.15485,2859129746.53114,3010663631.43676,3031738288.38912,3087900727.57084,3061633390.88777,3093253763.44286,3050380106.78989,3140508835.9485,3225464089.99005,3270985505.31268,3425841168.87686,3617808676.11051,3756891966.94786,3771168285.97478,3914472684.17761,..
GDP (constant 2010 US$),NY.GDP.MKTP.KD,Finland,FIN,209379586716.485,214783238498.075,218392295141.416,222747002753.638,231492177438.401,237927555871.426,247575988035.367,260412309865.555,262289019320.092,240600244424.183,247799815768.477,254170297403.145,250545347666.329,248646122996.035,247075355590.897,247409110553.877,252692239709.946,259348797027.169,..
GDP (constant 2010 US$),NY.GDP.MKTP.KD,France,FRA,2342736298465.86,2388523894567.11,2415238504666.61,2435032149085.55,2502882471990.15,2543121659233.15,2603519448238.71,2665001530699.71,2670206139232.81,2591666269727.4,2642609548930.36,2697555457635.09,2702483703549.71,2718056537417.43,2743812473469.65,2773101619290.33,2806036371233.86,2857089402048,..
GDP (constant 2010 US$),NY.GDP.MKTP.KD,French Polynesia,PYF,..,..,..,..,..,..,..,..,..,..,..,..,..,..,..,..,..,..,..
GDP (constant 2010 US$),NY.GDP.MKTP.KD,Gabon,GAB,12480560713.2671,12747049816.8665,12715305434.8118,13001060309.9028,13090708218.7965,13441042188.4756,13063808807.6346,13848696552.9606,13390522031.7449,13407974049.0581,14358584300.3006,15376859682.3653,16184310411.783,17096894961.6772,17834619899.8015,18526406863.2095,18913875956.0273,19007559999.2149,..
GDP (constant 2010 US$),NY.GDP.MKTP.KD,"Gambia, The",GMB,653003469.728368,690877672.512499,668424146.033001,714344883.547766,764706197.369318,757505143.313153,766020256.369495,793834647.462634,839358222.136542,893494274.620344,951806368.699129,910925126.116185,961934758.086175,1008001063.16696,998523478.736912,1057119309.33466,1061406947.78318,1109783032.00636,..
GDP (constant 2010 US$),NY.GDP.MKTP.KD,Georgia,GEO,6331045822.16669,6635281198.84576,6998485748.13617,7772385448.94367,8222871318.73602,9011304085.19026,9860235676.2568,11100533051.2511,11368955405.9406,10953977075.561,11638536861.8315,12479016506.432,13271494211.6786,13721005571.9437,14355373148.1697,14768853661.9001,15189614370.6718,15923763449.3535,..
GDP (constant 2010 US$),NY.GDP.MKTP.KD,Germany,DEU,3123907846524.82,3176872812245.88,3176872812245.88,3154319996078.94,3191224606760.15,3213777436171.33,3332692329600.37,3441355939341.45,3478602264776.63,3283144458441.96,3417094562648.95,3542160228939.6,3559587403262.56,3577014590829.77,3646039898346.43,3709597862509.39,3781698549834.74,3865759081373.6,..
GDP (constant 2010 US$),NY.GDP.MKTP.KD,Ghana,GHA,18356121284.0331,19090366135.3945,19949432554.0813,20986803043.6895,22162064012.0001,23469626664.7482,24971662216.256,26057135212.3246,28441310733.8456,29819146303.3442,32174772955.9748,36694403096.1881,40104336702.7707,43036976358.6719,44283946425.9222,45248542333.6554,46808618404.8994,50620453224.9334,..
GDP (constant 2010 US$),NY.GDP.MKTP.KD,Gibraltar,GIB,..,..,..,..,..,..,..,..,..,..,..,..,..,..,..,..,..,..,..
GDP (constant 2010 US$),NY.GDP.MKTP.KD,Greece,GRC,251509982285.871,261901399087.378,272175455326.753,287946747179.798,302519710645.089,304332233457.662,321534411242.933,332060633925.509,330947657806.954,316714480468.733,299361576558.217,272022398082.022,252163419407.33,243989731226.599,245794711441.894,245079688980.546,244480923173.545,247784663293.158,..
GDP (constant 2010 US$),NY.GDP.MKTP.KD,Greenland,GRL,1809246741.70089,1832206717.51925,1814412741.59421,1894827616.86314,2028626802.51062,2126686936.57652,2244839174.26788,2297647623.61978,2439323625.11335,2460447004.85411,2503156060.52524,2490727405.27373,2525452961.36271,2482655002.57819,2614551661.59919,2622659625.54009,2823634003.66281,..,..
GDP (constant 2010 US$),NY.GDP.MKTP.KD,Grenada,GRD,646274551.793201,633194600.876292,654959547.879999,716944745.47362,712302884.452897,806847301.238685,774632469.576978,822066708.874271,829856141.34603,774975419.935199,771013259.259259,776911332.002809,767936889.427134,785994301.613538,843718324.581439,898080308.938223,931629123.871904,978762255.054155,..
GDP (constant 2010 US$),NY.GDP.MKTP.KD,Guam,GUM,..,..,4357462610.12088,4397577340.70887,4680386191.35423,4845859455.02971,4660328826.06023,4698437820.11883,4779670149.55952,4794713173.53002,4895000000,4901017209.5882,5000301167.79348,5091562179.88117,5179814587.17476,5208897766.85106,5221935054.29215,5231963736.93915,..
GDP (constant 2010 US$),NY.GDP.MKTP.KD,Guatemala,GTM,29765081824.3033,30459375065.0446,31637124683.7635,32437793855.0109,33460259674.7175,34551101284.6611,36409873403.3563,38705172408.0366,39975120007.4909,40185406335.126,41338521642.0274,43059051146.4009,44337843574.8185,45977273284.397,47896442435.6762,49879376398.5391,51421887413.549,52841305560.8527,..
GDP (constant 2010 US$),NY.GDP.MKTP.KD,Guinea,GIN,5049265168.10567,5233984782.18311,5504299655.68013,5573026410.53525,5703441766.40492,5874389461.53479,5943715507.54435,6349521163.81372,6612176481.91928,6538276245.61414,6853467936.39129,7238091703.71796,7666363200.87543,7968018035.40333,8263428448.58193,8578674103.06299,9475497771.5086,10480310146.3464,..
GDP (constant 2010 US$),NY.GDP.MKTP.KD,Guinea-Bissau,GNB,660498964.42588,674956671.269269,668307149.840494,672106543.994864,690666107.478887,720130606.909959,736761000.674145,760801183.943933,785173961.94352,811626276.096028,849050127.504407,917693960.144275,901976771.588471,931344271.765525,940327653.067488,998008131.225057,1060511440.73317,1123284986.04762,..
GDP (constant 2010 US$),NY.GDP.MKTP.KD,Guyana,GUY,1795051267.97988,1835969850.69542,1856764540.27217,1845025602.60787,1873869849.44014,1837311443.57134,1931558343.10466,2067146794.49782,2108006990.70391,2182886735.2227,2273224261.15644,2391347770.89989,2517522600.23773,2643412954.02705,2745103039.06018,2831914391.33426,2925824400.90067,3011395060.04138,..
GDP (constant 2010 US$),NY.GDP.MKTP.KD,Haiti,HTI,6556695399.76108,6488218919.22908,6471903362.41499,6495448169.40391,6266620794.5169,6379734003.44929,6523228358.69808,6741318083.48971,6798211055.17446,7007816740.32888,6622541528.56888,6988353355.2788,7189974061.95112,7494401366.58013,7705005174.04483,7798329610.05403,7911616492.26843,8004441867.12252,..
GDP (constant 2010 US$),NY.GDP.MKTP.KD,Honduras,HND,10569704556.9194,10857538040.412,11265166701.8573,11777398118.373,12511401249.9967,13268415996.7103,14139785190.6771,15014801358.9561,15650167709.792,15269613868.5127,15839344591.9842,16446892853.4328,17125933703.7093,17604014377.0727,18142359318.8949,18839040425.3557,19545909275.2757,20481239263.2949,..
GDP (constant 2010 US$),NY.GDP.MKTP.KD,"Hong Kong SAR, China",HKG,153400895123.315,154261275971.074,156816826142.274,161609648467.509,175669728983.797,188648640222.02,201915790972.891,214969310482.259,219543730106.79,214145040905.272,228637697575.04,239645887720.961,243720605436.433,251279572791.243,258220961506.275,264386879658.877,270105365069.123,280346000937.197,..
GDP (constant 2010 US$),NY.GDP.MKTP.KD,Hungary,HUN,107116662868.959,111230489494.696,116267235099.967,120741918770.183,126784952825.157,132348549363.811,137445520919.157,138043081318.142,139224057876.112,130035306170.647,130922638689.071,133098463934.149,130910618138.362,133654788388.71,139305356455.298,143995970044.202,147182870839.849,153053569271.399,..
GDP (constant 2010 US$),NY.GDP.MKTP.KD,Iceland,ISL,10279352467.9624,10683077686.9643,10741888559.6855,10995044036.4811,11882815633.0412,12642190112.0744,13276472485.9658,14528215567.9068,14769226133.028,13808450397.2785,13310567802.9356,13571857440.1318,13750905539.0123,14343313507.9883,14658916160.793,15290908623.4238,16434890343.1097,17033486324.1295,..
GDP (constant 2010 US$),NY.GDP.MKTP.KD,India,IND,802754758764.541,841479377510.745,873489045365.11,942148616477.875,1016794518278.99,1111202106006.2,1214143477506.6,1333146054741.95,1385018195311.96,1502464745207.93,1656617073124.21,1766589321086.07,1862981302113.05,1981953270295.76,2128820518651.17,2302413591820.95,2466177043269.75,2630946826922.11,..
GDP (constant 2010 US$),NY.GDP.MKTP.KD,Indonesia,IDN,453413616927.8,469933589927.668,491078136159.837,514553483744.126,540440020890.986,571204954434.66,602626663572.804,640863459320.351,679403088245.169,710851782010.382,755094160363.073,801681840622.493,850023661688.382,897261717986.537,942184637117.359,988128596686.365,1037863871681.45,1090459494378.56,..
GDP (constant 2010 US$),NY.GDP.MKTP.KD,"Iran, Islamic Rep.",IRN,316232660519.805,318694970501.462,341849916532.911,371709086133.176,387969534587.92,400345002659.641,420361433133.513,454645159600.385,455785666778.382,460377185304.724,487069570463.768,499956057362.969,462736543548.842,461838494677.119,483098855135.677,476718833681.84,540581254038.189,560881092997.928,..
GDP (constant 2010 US$),NY.GDP.MKTP.KD,Iraq,IRQ,101597124725.723,103939260178.576,96767263419.0948,64736488915.1087,99796330468.1736,104187985160.487,114771608149.415,116352699697.206,125926324446.493,130181751588.159,138516722649.573,148969847232.097,169730925971.545,182630476345.383,183908889679.791,188465535167.112,213011576179.979,208595479618.89,..
GDP (constant 2010 US$),NY.GDP.MKTP.KD,Ireland,IRL,163414057103.266,172898016410.76,183806626260.139,189540490699.058,202204122281.259,214349276918.52,226184930380.541,237966261911.276,228600078637.866,218023275125.765,221951354761.532,228576397928.588,228661324925.094,232408729622.713,251764610171.924,316108768452.787,332361374827.626,358293477609.585,..
GDP (constant 2010 US$),NY.GDP.MKTP.KD,Isle of Man,IMN,3502043625.7396,3690319286.62794,3906903228.0892,4154123353.92638,4370137669.88112,4627975990.54242,4984330130.65895,5356014934.74178,5607747636.67464,5725510337.0448,5920177688.50433,6038581242.27441,6231815842.0272,6512247554.91843,6837859932.66434,6776319193.27037,7277766813.57238,..,..
GDP (constant 2010 US$),NY.GDP.MKTP.KD,Israel,ISR,173804947124.9,173848911634.127,174130250815.726,175466815619.15,183485149612.196,191069409868.949,201025695292.859,212632020994.918,218986306632.79,222011837015.245,233609522091.468,244490659320.674,249239909173.576,259486548676.117,268335394223.054,276487272960.685,287807589783.365,297396080362.923,..
GDP (constant 2010 US$),NY.GDP.MKTP.KD,Italy,ITA,2060209787378.25,2096720593691.64,2101931939042.18,2105112544373.91,2138414137787.3,2158721935302.66,2202038561569.49,2234493715312.88,2211022529983.72,2089813057939.95,2125058244242.92,2137311819312.35,2077060704620.29,2041165755679.07,2043486014884.01,2062939161297.74,2080644597198.96,2111901941464.1,..
GDP (constant 2010 US$),NY.GDP.MKTP.KD,Jamaica,JAM,12347101288.5689,12513161104.0918,12763085337.6409,13231020580.7576,13406162921.142,13525986928.6205,13918122244.4502,14117423357.7557,14002827050.8032,13395573425.3542,13200286270.4683,13428092060.2385,13345520232.4441,13412757292.2195,13505052829.4645,13627252758.3973,13815398566.0144,13950590008.3936,..
GDP (constant 2010 US$),NY.GDP.MKTP.KD,Japan,JPN,5348935478913.59,5370670124203.3,5377007127014.02,5459179633296.35,5579537505145.68,5672306823990.12,5752853952769.92,5848016735563.82,5784066298240.91,5470777391091.07,5700098114744.41,5693518985135.26,5778642194555.42,5894230516025.46,5916317345749.24,5996413817472.4,6052671805314.15,6156328720578.61,..
GDP (constant 2010 US$),NY.GDP.MKTP.KD,Jordan,JOR,14339974666.67,15095492948.243,15968688821.7032,16633153996.0935,18058165848.0319,19529289369.2661,21109859431.3895,22835742224.5032,24487316381.7007,25828384110.2509,26425379436.6197,27108947011.2349,27827651432.2689,28614830798.3148,29500840467.5286,30206410880.2344,30811666897.1124,31418663970.6253,..
GDP (constant 2010 US$),NY.GDP.MKTP.KD,Kazakhstan,KAZ,66851172842.3784,75876081176.0995,83311937131.3571,91059947284.5735,99801702223.8924,109482467339.61,121197091344.948,131983632474.649,136339092346.312,137975161454.468,148047348240.643,159002852010.452,166634988906.953,176633088241.371,184051677947.507,186260298082.879,188309161361.789,196029836977.623,..
GDP (constant 2010 US$),NY.GDP.MKTP.KD,Kenya,KEN,26198643973.2382,27188928218.7225,27337613463.7899,28139282293.5283,29575595616.5174,31322527291.2531,33349876084.3647,35634585973.7449,35717358968.4514,36898510533.1698,40000088346.8041,42443399231.1785,44380180300.2798,46989149335.0829,49506419900.2816,52337439285.7018,55409227067.6174,58109837754.4971,..
GDP (constant 2010 US$),NY.GDP.MKTP.KD,Kiribati,KIR,145368938.26335,143231159.759477,148655986.490905,151638508.170583,149167770.664732,156554009.173463,156476835.369473,159661056.450992,156321846.427942,157576722.409716,156120895.248578,158610338.316338,166086149.744381,173086305.455313,171878460.600625,189763115.564024,199497489.981409,200152719.092846,..
GDP (constant 2010 US$),NY.GDP.MKTP.KD,"Korea, Dem. People’s Rep.",PRK,..,..,..,..,..,..,..,..,..,..,..,..,..,..,..,..,..,..,..
GDP (constant 2010 US$),NY.GDP.MKTP.KD,"Korea, Rep.",KOR,710035024103.399,742166287073.087,797327303663.042,820714650870.499,860928359316.68,894708410715.351,941019894278.935,992431541242.201,1020509644387.28,1027729851625.48,1094499338702.72,1134795395744.69,1160809420956.16,1194428840692.66,1234340056450.31,1268781059130.96,1305947523530.33,1345945672416.94,..
GDP (constant 2010 US$),NY.GDP.MKTP.KD,Kosovo,XKX,3264020909.79645,4144455228.15204,4115404740.14602,4361511935.45099,4475440155.76829,4745453742.61489,4959143031.59618,5320470308.26797,5461187099.40037,5643681706.39633,5830463576.15894,6111058327.7978,6287994767.67834,6503750331.09388,6581669876.16051,6851153356.93246,7129075777.60333,7430486580.99283,..
GDP (constant 2010 US$),NY.GDP.MKTP.KD,Kuwait,KWT,73401577459.8744,73936694347.5227,76154795184.9267,89344806001.3957,98960267620.3768,108931455687.369,117123372644.801,124141008374.04,127219511514.306,118217328332.17,115419050942.08,126532100488.486,134916608513.608,136466852756.455,137150383810.188,137963712491.277,142857292393.58,138762386601.535,..
GDP (constant 2010 US$),NY.GDP.MKTP.KD,Kyrgyz Republic,KGZ,3205083428.31668,3375644644.52149,3375058863.31317,3612335496.27933,3866169244.16652,3859382252.51029,3979134973.9144,4319067496.68377,4681938960.69465,4817073516.79672,4794357795.07139,5079922899.93883,5075444938.11057,5629453576.20745,5855984962.71161,6082952722.9673,6346700787.57926,6637610601.9034,..
GDP (constant 2010 US$),NY.GDP.MKTP.KD,Lao PDR,LAO,3582186704.57195,3788213052.16281,4012427672.83985,4255861752.18768,4526436482.44702,4848156050.11908,5266031526.29351,5666082925.92663,6109448405.32914,6567765473.09865,7127792629.58294,7700771122.88344,8318842593.38626,8986537875.29121,9670589852.94697,10373602257.4925,11102149874.6903,11867393084.3947,..
GDP (constant 2010 US$),NY.GDP.MKTP.KD,Latvia,LVA,16418303264.3689,17479140765.3536,18720689361.2743,20298972875.2022,21991003259.1325,24343389028.1111,27237668361.0711,29955788645.9514,28893063840.1165,24731973839.1568,23757368290.0955,25273331011.2335,26293015995.5129,26931897162.4272,27432357431.7187,28247565848.6187,28871503534.3929,30184965729.4402,..
GDP (constant 2010 US$),NY.GDP.MKTP.KD,Lebanon,LBN,21967850866.932,22811343687.7612,23592210159.801,24353553965.3731,25886311965.0415,26597769824.2123,27050313320.796,29577064026.0033,32312600017.3798,35561463072.8358,38419626605.3731,38772202673.4992,39857674714.6932,40914960465.34,41720605029.9171,41822123314.1625,42550138575.9867,43200771504.0796,..
GDP (constant 2010 US$),NY.GDP.MKTP.KD,Lesotho,LSO,1628368842.50172,1686364541.37221,1698571053.31357,1776022102.82015,1806079037.3323,1868679957.09246,1947726893.05604,2041859819.40147,2179471649.64163,2226424186.11593,2361613522.46014,2524596361.14613,2676023464.64549,2725363040.48782,2810441002.48016,2888196341.5871,2980011718.65476,2911879739.43257,..
GDP (constant 2010 US$),NY.GDP.MKTP.KD,Liberia,LBR,1749841725.75929,1800941880.67289,1868711652.88445,1305386047.41229,1339585173.56869,1410331507.46203,1523777251.70187,1669073677.23425,1788340491.35975,1883132183.29988,1998000000,2161851301.49241,2334665710.09338,2537875668.74673,2555669829.48595,2555669829.48595,2514789741.8834,2576870497.6872,..
GDP (constant 2010 US$),NY.GDP.MKTP.KD,Libya,LBY,48026344512.6129,47179698570.1011,46727316322.5252,52809344317.7121,55165501857.1698,61714049045.1692,65725799949.0192,69900911108.9382,71765417108.4958,71198368527.333,74773444900.5368,28357141373.22,63275999127.2361,54670463262.268,41549552060.4744,37867414401.9124,36808842612.8967,46627921659.646,..
GDP (constant 2010 US$),NY.GDP.MKTP.KD,Liechtenstein,LIE,..,..,..,..,..,..,..,..,..,..,5082366478.08994,..,..,..,..,..,..,..,..
GDP (constant 2010 US$),NY.GDP.MKTP.KD,Lithuania,LTU,24264340357.1111,25847450471.085,27594931858.1505,30503041625.9376,32501016178.3459,35012502275.965,37605683774.4175,41775008781.7614,42872888580.5938,36521628847.8295,37120517693.8622,39363759100.2663,40870192057.6716,42300068778.4613,43796470015.265,44687574443.1892,45735444769.2075,47486625803.5491,..
GDP (constant 2010 US$),NY.GDP.MKTP.KD,Luxembourg,LUX,40777874110.4867,41810359657.136,43407293716.2571,44114523131.6617,45708017660.4699,47158078345.0882,49600152813.8211,53744023972.4248,53056323195.6279,50743806576.0564,53212476812.2957,54563666562.4044,54371319074.1956,56358248456.4083,59611199149.6447,61317077715.6898,63207264513.4942,64659730352.9251,..
GDP (constant 2010 US$),NY.GDP.MKTP.KD,"Macao SAR, China",MAC,9639976865.71363,9918418287.75558,10805818148.9532,12065060668.7005,15293130762.5317,16525674626.9376,18725978661.6875,21431442402.9457,22158738446.4692,22451454397.1095,28123640998.7253,34218688481.4739,37379527307.8944,41566105562.7928,41066849519.3467,32198666456.0589,31920753720.2613,34824298574.4152,..
GDP (constant 2010 US$),NY.GDP.MKTP.KD,Madagascar,MDG,6781445103.03066,7189540561.32302,6278353422.6091,6892683532.63525,7255032154.37267,7588974026.87796,7970138367.75655,8467521105.2625,9071129493.65325,8707027002.4923,8729936135.74487,8856903643.14915,9125047117.67409,9330835548.94675,9640232448.08499,9940681351.04808,10356200860.8807,10788136744.3288,..
GDP (constant 2010 US$),NY.GDP.MKTP.KD,Malawi,MWI,4376161603.65002,4158449146.00426,4229142782.05316,4470442420.49297,4712762648.79222,4866809938.68561,5095550005.41576,5584722806.06858,6011380928.01556,6512015360.82591,6959655570.89098,7297481087.69745,7435096950.09592,7821721991.37864,8267560145.18226,8499051829.16497,8710171729.46181,9058581256.68248,..
GDP (constant 2010 US$),NY.GDP.MKTP.KD,Malaysia,MYS,162523121449.194,163364463537.301,172171422650.647,182137564217.193,194492752475.862,204863376672.565,216304682965.447,229929251901.524,241038904256.31,237390711216.665,255016609232.871,268516966253.764,283214119400.205,296507404302.878,314317779640.495,330321318804.135,344272143056.72,364573903324.951,..
GDP (constant 2010 US$),NY.GDP.MKTP.KD,Maldives,MDV,1619839033.86103,1555958505.24055,1669051580.27634,1898547004.09401,2013100660.81844,1748799599.44967,2205437293.20646,2375561798.74616,2600891737.91487,2412877397.49706,2588176054.6875,2809898200.59291,2880634126.68671,3090375228.51505,3316887568.61166,3412565430.83556,3661313682.88582,3914372496.74833,..
GDP (constant 2010 US$),NY.GDP.MKTP.KD,Mali,MLI,6071472019.62681,7005036095.98509,7222634110.29424,7881269147.98058,8004216841.12223,8527273414.25,8924830836.57373,9236630227.00142,9677529938.79202,10130347922.7255,10678749467.4697,11024767958.1827,10932581178.5301,11184422457.8225,11972181170.8491,12686032241.3252,13421822110.6944,14146600518.5282,..
GDP (constant 2010 US$),NY.GDP.MKTP.KD,Malta,MLT,7141192052.98013,7184635761.5894,7398940397.35099,7587152317.88079,7620794701.98675,7909139072.84768,8053774834.43709,8374834437.08609,8655099337.74834,8441986754.96689,8741059602.64901,8856688741.72186,9096953642.38411,9516423841.0596,10288609271.5232,11278543046.3576,11868476821.1921,12630728476.8212,..
GDP (constant 2010 US$),NY.GDP.MKTP.KD,Marshall Islands,MHL,136519163.561693,143841179.832335,147603854.460007,147854977.458852,148030245.081476,152345998.953014,154534759.0583,160180179.903528,157545417.237007,154968025.129917,164969100,166959486.461674,172732723.052274,177673015.764298,176328132.630446,175685334.397765,179041793.905222,185487298.48581,..
GDP (constant 2010 US$),NY.GDP.MKTP.KD,Mauritania,MRT,2700573085.13625,2754822114.21783,2773141795.77539,2938927238.02706,3107839833.92927,3386595113.60209,4025615109.71632,4139050372.59189,4183750757.63632,4140152656.44537,4337791006.84248,4541843581.79999,4805046967.80968,5097686760.36078,5382114428.79066,5457464030.62998,5566613311.25537,5761444777.48513,..
GDP (constant 2010 US$),NY.GDP.MKTP.KD,Mauritius,MUS,6599291890.35494,6769129305.69308,6912182214.95677,7164950792.50338,7576632208.42984,7670687576.46923,8325621146.26471,8802438251.80123,9276640409.25034,9584158304.32842,10003670690.3497,10411565235.5826,10775566009.3485,11137661606.6507,11554745826.5908,11965292676.3124,12424514916.8608,12898941212.7174,..
GDP (constant 2010 US$),NY.GDP.MKTP.KD,Mexico,MEX,915216005402.792,911514962239.03,911151773828.818,924330515307.736,960569732547.578,982737828708.375,1026912659604.72,1050443805732.82,1062456519192.32,1006297786022.87,1057801295584.05,1096548640919.65,1136488480758.67,1151877579920.19,1184180145123.71,1223115888816.33,1258560069643.2,1284253191330.19,..
GDP (constant 2010 US$),NY.GDP.MKTP.KD,"Micronesia, Fed. Sts.",FSM,290800111.363042,295880951.523719,297655939.973105,303450791.213711,293950477.122429,299996309.623985,299604166.707487,293724716.417458,287210712.04182,290591735.701513,296525300,306450200.926878,300353437.593833,288764224.832153,282538297.972131,296471675.711075,298546977.441053,308100480.719167,..
GDP (constant 2010 US$),NY.GDP.MKTP.KD,Moldova,MDA,3524173901.54317,3739148519.43694,4030802095.98931,4296835030.54075,4614800815.93701,4960910881.53213,5199034597.33391,5355005645.59355,5772696091.31765,5426334310.87913,5811604051.96737,6206793144.22054,6163345582.70734,6742700073.59761,7066349660.23491,7038084252.44231,7354798041.3823,7685763945.87477,..
GDP (constant 2010 US$),NY.GDP.MKTP.KD,Monaco,MCO,4458830512.40998,4556377719.14241,4603148729.55828,4653209637.83115,4768166517.72413,4858543046.35761,5140529801.3245,5882251655.62914,5925298013.24503,5254701986.75497,5362649006.62252,5741986754.96689,5798543046.35761,6353509933.77483,6809668874.17219,7146225165.56292,7375894039.7351,..,..
GDP (constant 2010 US$),NY.GDP.MKTP.KD,Mongolia,MNG,3837047132.18431,3950344027.42331,4137312959.549,4427116613.5692,4897515726.07987,5252765131.74542,5702204050.40528,6286566854.31684,6846094435.54697,6759244954.07071,7189481824.07288,8432599135.69306,9471480157.75525,10574804943.2739,11408652157.2819,11680159346.4038,11816629563.8777,12443108087.7382,..
GDP (constant 2010 US$),NY.GDP.MKTP.KD,Montenegro,MNE,2995580157.85168,3028531539.58805,3086073638.84023,3163225479.81122,3302407400.92293,3441108511.76168,3737043843.77318,3991162825.14978,4278526548.56056,4030372008.74404,4139192052.98013,4271646198.67549,4156311751.31125,4301782662.60716,4379214750.53407,4528108052.05224,4659423185.56174,4878416075.28316,..
GDP (constant 2010 US$),NY.GDP.MKTP.KD,Morocco,MAR,57519650790.1246,61730070507.7354,63656943581.251,67451637210.908,70687304633.4949,73014076004.5985,78544623310.6445,81318500633.8362,86135221236.4504,89790590993.4885,93216746661.5977,98106615021.8513,101059586129.684,105643067055.469,108463202314.752,113383503344.942,114660176026.022,119346918537.72,..
GDP (constant 2010 US$),NY.GDP.MKTP.KD,Mozambique,MOZ,4635073219.14203,5224699298.9958,5684162363.79798,6053667401.42283,6526530628.5153,7095687688.53239,7794687818.33219,8373526089.74505,8949306946.82385,9517718748.44741,10154238250.1818,10876976988.9172,11659922005.0362,12492636711.0012,13422597262.8268,14307681441.3748,14846118924.9258,15400912189.5206,..
GDP (constant 2010 US$),NY.GDP.MKTP.KD,Myanmar,MMR,15984737489.9273,17798045642.4078,19938352012.1209,22698616844.6237,25777607411.1761,29275358077.5655,33103433579.0233,37073010378.8848,40874960811.6237,45187272895.3094,49540813342.4834,52310879190.5434,56146663569.5951,60877582017.3893,65742258214.0691,70339509334.1836,74463144017.5661,79495831532.5896,..
GDP (constant 2010 US$),NY.GDP.MKTP.KD,Namibia,NAM,7199915045.82318,7284726354.71366,7633567223.21743,7957214770.38051,8933529063.85859,9159481473.51789,9807347654.73663,10334398850.0412,10608240991.819,10639638302.9374,11282192605.0374,11856607186.6558,12456750940.0066,13156162589.0949,13991799668.839,14843393221.7746,14938635789.2625,14797041273.722,..
GDP (constant 2010 US$),NY.GDP.MKTP.KD,Nauru,NRU,..,..,..,..,..,..,..,29694454.4671896,39915075.05959,43371600.1641885,49248810.5726872,55003298.714554,60551234.7886973,81268829.1817221,110951536.071344,114067267.372321,125930267.741209,131162273.816681,..
GDP (constant 2010 US$),NY.GDP.MKTP.KD,Nepal,NPL,10899840166.6306,11423020739.7111,11436744718.846,11887928617.3548,12444593148.5962,12877563074.7127,13310843466.2677,13764950914.3225,14605251495.759,15267319043.3731,16002656434.4746,16550239851.6396,17341538638.0319,18057549555.5864,19139013428.6013,19774984746.8631,19891395830.2133,21463958187.2336,..
GDP (constant 2010 US$),NY.GDP.MKTP.KD,Netherlands,NLD,734694499629.564,750301352928.755,751078890078.633,753211372649.05,768506883558.122,785109444991.006,812734596109.533,842793366571.063,857112938103.204,824820492155.789,836389937229.197,850304340566.79,841316305639.71,839714950916.638,851636302587.527,870889730163.844,890135883868.605,918283870215.63,..
GDP (constant 2010 US$),NY.GDP.MKTP.KD,New Caledonia,NCL,..,..,..,..,..,..,..,..,..,..,..,..,..,..,..,..,..,..,..
GDP (constant 2010 US$),NY.GDP.MKTP.KD,New Zealand,NZL,111769050448.34,116013643412.213,121884620353.029,127418511260.439,131584625304.266,135951795046.862,139449716342.03,144693608697.76,142457330738.47,145186905291.592,146583831538.331,150535436255.419,154297943910.046,157411691834.191,162991922799.551,170219465391.419,176128560656.594,181462890712.787,..
GDP (constant 2010 US$),NY.GDP.MKTP.KD,Nicaragua,NIC,6560773679.79844,6755027921.78621,6805956707.33351,6977516698.90499,7348174281.94341,7662852374.35628,7981019307.60974,8386163942.29644,8674288797.14942,8388673512.16763,8758622328.66962,9311876958.36283,9916789200.31374,10405398732.2837,10903344947.3144,11423282813.3338,11955466051.3827,12536632610.9898,..
GDP (constant 2010 US$),NY.GDP.MKTP.KD,Niger,NER,3657575695.05937,3917422330.58058,4034910606.92586,4248760869.02487,4253009629.92941,4444395063.24911,4702169976.98561,4850127065.43211,5315142490.83555,5277262669.91576,5718664504.91341,5849222100.87591,6542344343.36383,6887022187.35269,7405549053.88734,7726733075.77883,8107346610.4362,8504074484.1656,..
GDP (constant 2010 US$),NY.GDP.MKTP.KD,Nigeria,NGA,169200011887.95,179212735021.733,206684534275.666,221870049982.543,242394268148.13,258000863158.455,273634239781.746,291669829237.058,311399755437.31,336426720549.032,363359886203.263,382646753549.868,398832945309.058,425440428748.346,452284522849.836,464282244064.115,456775408619.475,460456500518.969,..
GDP (constant 2010 US$),NY.GDP.MKTP.KD,North Macedonia,MKD,7017710078.96866,6802458901.68212,6904064881.54553,7057514742.02549,7387414384.86513,7736376122.17433,8133795710.16142,8660335906.47652,9134229607.6711,9101472903.22735,9407168702.4313,9627285730.14823,9583392749.46174,9863680783.27402,10221697015.4563,10615805818.6144,10918190832.9895,10944451376.2916,..
GDP (constant 2010 US$),NY.GDP.MKTP.KD,Northern Mariana Islands,MNP,..,..,1456241935.48387,1462189826.30273,1416589330.02481,1237161290.32258,1151908188.58561,1074585607.94045,955627791.563275,788095533.498759,799000000,737538461.538462,741503722.084367,759347394.540943,788095533.498759,814861042.183623,1044846153.84615,1307544665.01241,..
GDP (constant 2010 US$),NY.GDP.MKTP.KD,Norway,NOR,366955399845.581,374607623675.72,379993390464.635,383488728840.48,398671193464.773,409135198146.973,418934364461.602,431439784971.736,433514113608.162,426183200887.908,429130952709.224,433301826113.332,445094684704.26,449743204980.008,458626161483.524,467661545335.723,472765907756.79,481837084285.123,..
GDP (constant 2010 US$),NY.GDP.MKTP.KD,Oman,OMN,42407802340.7022,44308712613.7841,43821066319.896,42651495448.6346,43202600780.2341,44278543563.0689,46657217165.1496,48734720416.1248,52730819245.7737,55953966189.8569,58642392717.8153,57992197659.2978,63404421326.3979,66176853055.9168,67997399219.7659,71219765929.7789,75054356306.8921,74849701690.5071,..
GDP (constant 2010 US$),NY.GDP.MKTP.KD,Pakistan,PAK,117555262343.91,119885776649.102,123751409564.262,129748800033.821,139309432952.151,149990711055.44,159256450281.251,166953023525.452,169793571392.451,174601545521.839,177406854514.885,182282709027.43,188675424552.08,196970457770.58,206178251481.055,215932848620.679,227866886765.975,240856714914.19,..
GDP (constant 2010 US$),NY.GDP.MKTP.KD,Palau,PLW,176303005.849029,188014823.424213,195465098.087253,189140480.525738,198305355.221769,207215720.783544,202658472.047936,204536778.774742,193583088.287261,182103869.996642,182863000,192713097.530363,199645404.831355,195444962.626798,204777169.942472,226137421.854038,227328191.325769,219211286.341691,..
GDP (constant 2010 US$),NY.GDP.MKTP.KD,Panama,PAN,16647507042.6926,16743109145.9577,17116338065.8118,17836164969.0704,19177815505.9488,20556945802.2459,22335628468.3681,25012326921.8513,27477455533.6189,27818998195.0188,29440287600,32771051605.8051,35975676272.1291,38459234340.855,40407814956.7071,42724269829.1143,44846154386.8839,47232508570.5691,..
GDP (constant 2010 US$),NY.GDP.MKTP.KD,Papua New Guinea,PNG,9607801720.43793,9596148551.70579,9580900220.50172,9788240721.90888,10054595953.9024,10692539548.0695,10937876243.438,12151737734.1615,12115978030.7861,12940537475.4444,14250726289.854,14408526151.1887,15078295061.1831,15655783399.2449,18070132678.1214,19027666646.6262,19330660417.7144,19822767444.4862,..
GDP (constant 2010 US$),NY.GDP.MKTP.KD,Paraguay,PRY,19005701526.3586,18847183576.3273,18843149450.7086,19657313979.9291,20454893447.1486,20891296689.2966,21895565804.2224,23082660807.8578,24550515090.9268,24487181775.1697,27215968615.5548,28372405343.9011,28219616269.0248,30595001137.8313,32082190602.0107,33070442062.4899,34496738801.8119,36294202789.0535,..
GDP (constant 2010 US$),NY.GDP.MKTP.KD,Peru,PER,85798462918.4744,86328605036.3513,91036560493.9424,94828254301.3356,99530031846.4096,105785554389.544,113750041982.731,123439711646.329,134705521240.862,136181656212.925,147528937028.778,156863376722.64,166494356217.325,176238468734.981,180425935063.003,186292249117.558,193653231881.727,198549227551.558,..
GDP (constant 2010 US$),NY.GDP.MKTP.KD,Philippines,PHL,125348175702.195,128975735689.221,133678066315.986,140322359077.992,149720622534.59,156873776537.453,165098606450.348,176022623675.058,183332415224.715,185437680419.182,199590775190.258,206895301780.44,220723809025.295,236315792450.895,250838103974.997,266055320224.315,284348525313.875,303355852257.339,..
GDP (constant 2010 US$),NY.GDP.MKTP.KD,Poland,POL,326160149384.886,330230645787.048,336972647511.357,348977202208.442,366899448220.977,379717662035.348,403182709818.616,431545815100.972,449885267102.165,462573200252.014,479257883741.752,503303378983.321,511396027456.312,518514109493.65,535720728189.143,556286765924.993,573323606459.528,600876081838.379,..
GDP (constant 2010 US$),NY.GDP.MKTP.KD,Portugal,PRT,221371306250.717,225673226409.828,227408192515.552,225283733440.933,229364935350.672,231123669975.015,234713145002.77,240562202318.314,241041576028.509,233863105282.21,238303443425.21,233949991367.372,224525885052.579,221988392688.779,223971165762.163,228052070073.727,231745178666.337,237955548774.292,..
GDP (constant 2010 US$),NY.GDP.MKTP.KD,Puerto Rico,PRI,92068670407.3471,97881399724.295,98778442996.8102,98831210248.1345,107477633535.329,105342119080.608,103857412434.338,102649751314.272,100756752050.85,98789551891.8258,98381300000,98028592583.2526,98057290562.043,97756424655.3687,96592767902.4776,95579081232.2979,94310815718.0093,92066818924.8445,..
GDP (constant 2010 US$),NY.GDP.MKTP.KD,Qatar,QAT,36044298341.0931,37449372355.1551,40139043103.6418,41632198904.0902,49633455958.9326,53352370952.2569,67314817504.132,79421829550.1802,93450549190.6148,104624021240.908,125122306346.154,141857635543.447,148506870584.197,155056431405.283,161225944072.686,167122799519.85,170684705988.971,173381268748.888,..
GDP (constant 2010 US$),NY.GDP.MKTP.KD,Romania,ROU,109912637828.743,116058955111.066,122075674430.723,128819473861.514,139586967164.471,145410415826.015,157124039330.731,167908652179.161,181777686527.618,171033970371.153,166225180150.414,169561589346.099,173083660513.02,179166705557.1,185277782605.466,192450822101.866,201690020542.651,216332688152.215,..
GDP (constant 2010 US$),NY.GDP.MKTP.KD,Russian Federation,RUS,951559297132.541,1000012546493.49,1047449840626,1123870255188.35,1204518613688.25,1281320973272.17,1385792607182.73,1504071117741.51,1583004071093.26,1459199142720.08,1524917468442.6,1605507609329.85,1664203387274.45,1693915317353.68,1706426588984.83,1658164735743.42,1654435341115.63,1680006793868.2,..
GDP (constant 2010 US$),NY.GDP.MKTP.KD,Rwanda,RWA,2624711500.92203,2847406189.40387,3223037870.09464,3294021295.98105,3539350100.89085,3871265953.42982,4228471204.54354,4553283967.93272,5061760726.71221,5379885027.02815,5773084568.14756,6222456868.33143,6771297545.46543,7090466089.23343,7631084047.20621,8307806853.93688,8804722944.23182,9338098208.31524,..
GDP (constant 2010 US$),NY.GDP.MKTP.KD,Samoa,WSM,483063985.162683,516587494.541541,539028032.551215,563367730.937528,589423499.465576,613922840.672736,626009802.25517,665590159.45531,672306540.948956,639980212.442771,643046733.391126,680205473.732144,682940604.561806,669733497.884171,679088037.704048,688942051.0789,738335200.997275,758305683.750065,..
GDP (constant 2010 US$),NY.GDP.MKTP.KD,San Marino,SMR,1931571640.45254,2038803807.94702,2045766935.7064,2125146592.16336,2222630380.7947,2275550151.766,2363285561.53422,2531793253.31126,2573572019.86755,2243519764.07285,2139072847.68212,1937142142.66004,1790916459.71302,1736604063.18985,1720974626.62114,1731300474.38086,1769389084.81724,1795929921.0895,..
GDP (constant 2010 US$),NY.GDP.MKTP.KD,Sao Tome and Principe,STP,..,122206100.736838,125110790.013369,133334913.640826,138444610.313851,148265553.167465,161780916.941563,167044628.804687,180719189.130434,185103945.101331,197454053.145088,206138480.644065,212615301.920748,222852291.543505,237448967.555955,246519490.893575,256822056.30447,266773808.825555,..
GDP (constant 2010 US$),NY.GDP.MKTP.KD,Saudi Arabia,SAU,379223407546.667,374631983413.334,364070454426.667,404999478400,437231125626.667,461601733253.333,474473046266.667,483237181440,513438407146.667,502865333333.333,528207200000,581011322640,612452430240,628984081386.667,651957609840,678729654960,690068800000,684157600000,..
GDP (constant 2010 US$),NY.GDP.MKTP.KD,Senegal,SEN,10915427397.0133,11415454005.3335,11490202814.5466,12258119286.7404,12977765547.6713,13707454283.1701,14044872900.3705,14738476853.4416,15336324851.0409,15657241602.2165,16215069255.5883,16451547988.6698,17293438557.2978,17781477663.8547,18957455707.5352,20164485187.4903,21420420044.2247,22952791256.2003,..
GDP (constant 2010 US$),NY.GDP.MKTP.KD,Serbia,SRB,25599017868.5148,26877103625.5498,28789621363.4826,30060802352.7929,32780256764.2151,34596422952.0809,36293152225.2341,38430368884.6748,40492805121.3899,39231060776.6223,39460357730.5224,40013381123.366,39607137113.7376,40625727367.813,39881747972.7617,40183938020.4789,41308012849.7895,42079410618.1871,..
GDP (constant 2010 US$),NY.GDP.MKTP.KD,Seychelles,SYC,794294457.974911,776254738.028627,785669398.20425,739416038.787077,718339327.254205,783031253.312258,856684174.335502,945962968.234513,925654158.746992,915423405.095384,969936525.298729,1046438130.96225,1059631924.49388,1123401381.86617,1174008203.64439,1231973525.71507,1287449682.77196,1355489119.48215,..
GDP (constant 2010 US$),NY.GDP.MKTP.KD,Sierra Leone,SLE,1385751986.4426,1297819715.60661,1640668858.77741,1793466334.29574,1911798254.1203,1997926594.51644,2082317301.22923,2250113451.89349,2371580993.56644,2447188210.25985,2578026297.15912,2740829818.87435,3156936272.93448,3810919876.16826,3984574819.98172,3163801388.83,3355384560.25255,3496685932.65603,..
GDP (constant 2010 US$),NY.GDP.MKTP.KD,Singapore,SGP,134491382471.581,133210634396.773,138821048771.544,144978217821.782,158822442244.224,170716905023.836,185842757609.094,202775870920.425,206400733406.674,205155335533.553,236421782178.218,251436156949.028,261703043637.697,275078914558.122,285762669600.293,292166776677.668,299170077007.701,309995672900.623,..
GDP (constant 2010 US$),NY.GDP.MKTP.KD,Sint Maarten (Dutch part),SXM,..,..,..,..,..,..,..,..,..,..,..,..,..,..,..,..,..,..,..
GDP (constant 2010 US$),NY.GDP.MKTP.KD,Slovak Republic,SVK,55486109654.2554,57326288833.4398,59919037774.8649,63165880222.509,66487670525.7091,70976227122.3309,76975767928.5596,85288825294.8242,90090397691.8659,85205207756.7775,89501012915.7314,92024135539.0658,93549112293.0531,94943598803.0619,97554865847.2345,101310826326.841,104679102604.032,108238366185.515,..
GDP (constant 2010 US$),NY.GDP.MKTP.KD,Slovenia,SVN,36935721676.5757,38025091121.1794,39483849698.5294,40606013481.9797,42373104165.1024,44069302645.239,46561862055.1658,49794021535.9604,51437289127.8172,47426581431.5147,48013606745.4803,48325391228.4831,47035305257.5313,46502839741.4843,47888250500.4639,48969999339.1887,50511749001.8176,53037744699.125,..
GDP (constant 2010 US$),NY.GDP.MKTP.KD,Solomon Islands,SLB,516955404.14613,475709784.139392,462389898.18699,492445250.032932,516567045.085733,544571142.774798,582400594.055163,625032324.899817,669375212.830595,637728006.506554,681151193.502387,771033399.35884,806157014.498501,830485620.364722,849172302.123986,870760296.721622,900859053.079028,930032625.438997,..
GDP (constant 2010 US$),NY.GDP.MKTP.KD,Somalia,SOM,..,..,..,..,..,..,..,..,..,..,..,..,..,..,..,..,..,..,..
GDP (constant 2010 US$),NY.GDP.MKTP.KD,South Africa,ZAF,267001436052.827,274210460320.432,284357295800.798,292743217487.191,306076361734.256,322228183699.581,340285199108.319,358526105165.585,369966840760.668,364276420244.334,375349442837.187,387676549661.189,396257207214.481,406104993310.692,413605718439.173,418898007437.769,421266226142.599,426813227524.301,..
GDP (constant 2010 US$),NY.GDP.MKTP.KD,South Sudan,SSD,..,..,..,..,..,..,..,..,..,..,..,..,..,..,..,..,..,..,..
GDP (constant 2010 US$),NY.GDP.MKTP.KD,Spain,ESP,1149490500814.16,1195482464482.66,1229910878223.45,1269115166553.55,1309304826679.13,1358050268792.21,1414736959945.11,1468058288554.62,1484466583143.37,1431415437122.94,1431616749640.29,1417318263210.38,1375822720570.93,1352355243630.25,1371017708643.57,1418074509574.91,1464508831011.81,1509201534288.7,..
GDP (constant 2010 US$),NY.GDP.MKTP.KD,Sri Lanka,LKA,34271798040.9412,33742158886.2994,35079926055.4816,37163768055.402,39187357999.1951,41633334150.8608,44825899741.2981,47872638202.9726,50721102373.424,52516077578.7272,56725749222.0435,61493396998.5274,67116705113.2119,69395808982.6899,72838327289.643,76485840044.2569,79903861971.5263,82547720663.5093,..
GDP (constant 2010 US$),NY.GDP.MKTP.KD,St. Kitts and Nevis,KNA,616937442.159803,650975461.368319,667052584.608147,644077596.710803,670213645.366403,735192435.381441,756643162.145562,756256066.224206,805320855.455861,778193787.989264,766785071.244444,780463737.16372,775346450.522551,817726685.982988,867244758.654851,885861525.52451,906391441.886724,917001323.327526,..
GDP (constant 2010 US$),NY.GDP.MKTP.KD,St. Lucia,LCA,1136031397.30733,1099031266.05933,1102887383.60282,1150713943.68933,1234111708.40627,1229367893.93883,1306445522.84066,1324356244.24928,1394698181.49303,1379752509.48689,1382054666.66667,1430651613.85866,1421648287.9903,1402836982.22041,1452818987.53475,1439236908.8133,1487669434.49545,1544463474.59818,..
GDP (constant 2010 US$),NY.GDP.MKTP.KD,St. Martin (French part),MAF,..,..,..,..,..,..,..,..,..,..,..,..,..,..,..,..,..,..,..
GDP (constant 2010 US$),NY.GDP.MKTP.KD,St. Vincent and the Grenadines,VCT,512304004.993309,521060630.888051,554000247.630456,596601710.123073,621398173.273119,636858589.992606,685822577.253855,708746609.015371,719976499.117464,704863751.350368,681225962.962963,678369231.792218,687747146.512069,700354717.005383,708854723.980108,718364995.354108,732555979.31992,738855566.788648,..
GDP (constant 2010 US$),NY.GDP.MKTP.KD,Sudan,SDN,34053114158.2253,36266689312.9815,38597648770.0863,41583019314.8311,43197815735.7573,46433219017.4981,51106401194.5342,56994834761.4621,61441550872.0497,63433392297.3437,65634109236.7736,64342607849.351,64678192682.9882,67520612416.9246,69329767682.0853,72731117403.9639,76149479952.5075,79411016248.064,..
GDP (constant 2010 US$),NY.GDP.MKTP.KD,Suriname,SUR,2696920017.10315,2810190657.82148,2888875996.24048,3070875184.00363,3331899574.64394,3481835055.50292,3683781488.72208,3871615502.31242,4032262091.22008,4153929455.08186,4368398047.64333,4624018822.67812,4748421115.71579,4887713258.49928,4900201615.63996,4733050948.23623,4469836830.14881,4545246714.34539,..
GDP (constant 2010 US$),NY.GDP.MKTP.KD,Sweden,SWE,396527702705.124,402727057569.121,411077914064.11,420885165259.591,439069634290.739,451444063836.53,472608335571.542,488700407872.375,485978113843.762,460781805680.152,488377689564.921,501390063555.111,499954480439.365,506159940034.887,519341997812.702,542826483759.044,560386605247.826,573208900097.34,..
GDP (constant 2010 US$),NY.GDP.MKTP.KD,Switzerland,CHE,487149098174.328,493542558241.668,494345122120.216,494540766952.359,508270323943.997,524104192489.589,545008791663.243,567418887241.508,579645072565.331,566764738131.479,583782977866.405,593665305708.969,599637721742.463,610743250749.216,625701684969.818,633375192571.142,642089703646.215,649067884586.909,..
GDP (constant 2010 US$),NY.GDP.MKTP.KD,Syrian Arab Republic,SYR,..,..,..,..,..,..,..,..,..,..,..,..,..,..,..,..,..,..,..
GDP (constant 2010 US$),NY.GDP.MKTP.KD,Tajikistan,TJK,2582669226.47033,2830110589.48545,3136834779.05628,3479644167.40015,3840496155.13054,4095670060.73987,4384351650.92419,4724583525.06998,5098323083.79073,5296791677.04244,5642178579.58438,6059735879.6724,6513378378.53346,6995373533.57333,7464481117.62283,7912968588.08773,8456824083.88138,9101022076.99398,..
GDP (constant 2010 US$),NY.GDP.MKTP.KD,Tanzania,TZA,16512209470.5011,17502583535.147,18756390476.9549,20047998014.4774,21617415118.4595,23384279054.7509,24474119981.8788,26545702802.661,28023394739.6858,29531710852.7228,31409598703.7061,33892372811.6845,35634784314.3026,38222960435.2269,40885241206.011,43730597179.9123,46777776620.2935,50100945307.4292,..
GDP (constant 2010 US$),NY.GDP.MKTP.KD,Thailand,THA,217712232033.235,225210772012.182,239058711719.124,256245431314.356,272361445882.369,283767493631.796,297864826688.794,314054055752.496,319473585807.457,317266875218.097,341105009515.333,343970153353.698,368883177547.461,378796469984.955,382525395708.79,394078328227.44,407014670809.508,422940667450.396,..
GDP (constant 2010 US$),NY.GDP.MKTP.KD,Timor-Leste,TLS,1172495415.51804,1280692357.67892,1192675950.20694,1178561525.49323,1933647752.84279,2627518615.00511,3722698977.19752,3915414150.77312,4307099921.78569,4046296865.41123,3998900000,4472146874.43596,4694094124.90223,4177660766.50021,3089457607.8455,3734488045.24397,3765404274.71271,3464086900.20204,..
GDP (constant 2010 US$),NY.GDP.MKTP.KD,Togo,TGO,2613554803.06973,2571037329.62166,2547328482.62202,2673533265.51549,2730187181.66764,2762414501.08341,2874358932.79014,2940194798.75379,3059632945.11376,3229072693.67692,3426022205.75557,3645225926.05882,3883751540.81378,4121139759.27445,4365135488.86463,4615819477.79995,4851225904.34014,5064680351.69132,..
GDP (constant 2010 US$),NY.GDP.MKTP.KD,Tonga,TON,321298203.474362,332870685.715378,344251123.859024,351509939.908853,350274663.663255,355816598.622131,352926577.52326,338224447.840903,348707781.80222,356695326.551203,369485198.817979,379775900.641822,383157131.241085,371200315.78862,378893840.485493,392957799.644745,406237705.331704,417206123.37566,..
GDP (constant 2010 US$),NY.GDP.MKTP.KD,Trinidad and Tobago,TTO,12399855901.2831,12916746892.125,13941911584.8451,15955321093.369,17223704281.5294,18293122880.582,20709289102.453,21693848049.8629,22429360906.3565,21444579083.3879,22157253321.2039,22092032459.1699,22377898711.6518,22597392288.6016,22540410079.7317,22882384833.0334,21519267130.8284,21016574011.2599,..
GDP (constant 2010 US$),NY.GDP.MKTP.KD,Tunisia,TUN,29142311722.7889,30248607447.2544,30648664524.242,32089890945.9271,34090950398.2115,35279543593.6845,37129671719.9944,39620931745.1446,41299978412.7428,42556922174.0953,44050929160.2627,43206394578.7341,44933645382.1434,46225723068.3247,47599273438.5916,48148386195.3332,48682059522.1461,49633854967.165,..
GDP (constant 2010 US$),NY.GDP.MKTP.KD,Turkey,TUR,520947558848.314,489886971146.124,521387629533.106,550628831151.729,603732830048.787,658128557460.753,704919891923.048,740380474384.673,746638308005.958,711513119221.578,771901783337.77,857687083332.789,898769604397.06,975086975872.665,1025466524219.54,1087875383372.55,1122511367366.56,1206040058947.16,..
GDP (constant 2010 US$),NY.GDP.MKTP.KD,Turkmenistan,TKM,10753701529.1433,11220825732.1485,11249683443.3515,11617416308.6071,12198334457.7675,13788269624.5549,15301298963.195,16993515438.4036,19491562207.8489,20680547524.915,22583157894.7368,25902882088.9745,28778101990.8921,31713468423.1438,34979955661.3867,37253652747.7258,39563379205.5788,42134998872.4689,..
GDP (constant 2010 US$),NY.GDP.MKTP.KD,Turks and Caicos Islands,TCA,..,..,..,..,..,..,..,..,..,..,..,..,..,..,..,..,..,..,..
GDP (constant 2010 US$),NY.GDP.MKTP.KD,Tuvalu,TUV,29009173.7113651,29483214.8363111,31808312.5649755,30747970.8452361,30332202.5905471,29185727.2412158,29809991.9476302,31703094.8255095,34234035.6002484,32716491.6760401,31823518.6204366,34215328.6184383,32902991.3039114,34408843.3066358,34872648.3211879,38061023.8411092,39216157.2756995,40487383.9626355,..
GDP (constant 2010 US$),NY.GDP.MKTP.KD,Uganda,UGA,9908902840.24994,10422546784.8218,11332715044.1477,12066311003.4579,12887692949.5087,13703814497.5263,15181735862.2212,16458888151.9091,17892251886.791,19109196502.8215,20186496527.1256,22082345211.1269,22929745405.3621,23752213779.2388,24965074811.1287,26260227906.9258,27515729479.6919,28578668646.3673,..
GDP (constant 2010 US$),NY.GDP.MKTP.KD,Ukraine,UKR,89401549107.818,97629794848.5307,102754675134.835,112532763748.173,126159080598.821,129940521195.625,139607969151.671,150209057916.226,153669917838.601,130990473310.147,136013155905.036,143446998336.61,143789379505.015,143750945108.12,134331493522.859,121203311658.854,124161878118.857,127296360703.665,..
GDP (constant 2010 US$),NY.GDP.MKTP.KD,United Arab Emirates,ARE,198234194635.807,201007659577.944,205899094159.292,224019327978.216,245449995044.248,257366938869.98,282684947637.849,291686739332.879,300996902491.491,285215869952.349,289787338325.391,309870388019.061,323766916269.571,340127978216.474,355089176310.415,373073383253.914,384222464261.402,387259360108.918,..
GDP (constant 2010 US$),NY.GDP.MKTP.KD,United Kingdom,GBR,2095205239633.13,2148509996709.61,2201317743023.61,2274531574900.44,2328311858122.98,2400398463976.6,2459352241877.18,2517311998561.84,2505416684453.29,2400495860780.8,2441173394729.62,2476634464613.01,2513321589693.39,2564904713179.98,2643243341332.76,2705252231411.39,2757620259273.38,2806903096896.07,..
GDP (constant 2010 US$),NY.GDP.MKTP.KD,United States,USA,12713058213400,12837135352100,13066422980900,13433168199500,13941713404100,14408093840400,14792303791800,15055395304800,15011490541400,14594842181900,14964372000000,15204019634600,15542161722300,15802855301300,16208861247400,16672691917800,16920327941800,17304984279400,..
GDP (constant 2010 US$),NY.GDP.MKTP.KD,Uruguay,URY,29883433694.3553,28734675664.6007,26512908469.9633,26726412657.9005,28063845207.1376,30157445133.4999,31393471352.8303,33447078686.85,35847289438.6439,37368467078.9171,40284481651.9021,42364020183.5261,43862934925.0282,45897095482.1804,47383606579.1555,47559277162.5174,48362932954.0502,49647783476.237,..
GDP (constant 2010 US$),NY.GDP.MKTP.KD,Uzbekistan,UZB,20045798199.4212,20887721725.4289,21723230593.7918,22635606278.4075,24378547961.2961,26085046319.8044,27989254700.4723,30766111720.2779,33535061775.1937,36251401777.576,39332770928.9426,42597390915.6831,46090376971.1726,49777607129.3753,53656538300.8001,57949061364.2825,62469088151.5761,65779949822.9082,..
GDP (constant 2010 US$),NY.GDP.MKTP.KD,Vanuatu,VUT,525566423.179068,507231997.729233,481306261.675084,501970814.774062,521973121.067495,549652584.773368,596181554.777833,627025086.554647,667458933.182145,689570618.189538,700804286.224354,709376703.207254,721824490.38557,736038269.045342,753195366.840874,747161562.612567,777052317.457476,812024958.066869,..
GDP (constant 2010 US$),NY.GDP.MKTP.KD,"Venezuela, RB",VEN,288959554742.817,298767524286.809,272309725931.075,251191289620.88,297125652791.19,327782821536.693,360142030430.878,391667346884.866,412338978104.743,399134636051.027,393192354510.653,409613739715.026,432658432475.436,438469442078.588,421393747431.435,..,..,..,..
GDP (constant 2010 US$),NY.GDP.MKTP.KD,Vietnam,VNM,61146300622.5134,64933025784.1857,69037326105.908,73800255066.9558,79362145321.3725,85351803030.4192,91307613276.967,97817393659.7482,103355590690.416,108934619580.606,115931749697.241,123166241860.417,129629226783.14,136657571781.858,144834688912.566,154508616051.562,164104855205.203,175284081081.177,..
GDP (constant 2010 US$),NY.GDP.MKTP.KD,Virgin Islands (U.S.),VIR,..,..,3980912284.83848,3967611883.98962,4084246168.35652,4232596793.20915,4386062956.8498,4563060598.91535,4606031124.73473,4300121905.21103,4339000000,3985004715.8689,3386486677.67036,3189026880.45272,3158333647.72459,3166518509.78543,3196188634.75595,..,..
GDP (constant 2010 US$),NY.GDP.MKTP.KD,West Bank and Gaza,PSE,6312384282.05084,5724660964.01677,5009697076.26217,5711849556.53918,6302630142.26677,6983236164.51331,6710848171.43881,7153132897.76715,7587992831.12553,8245305385.231,8913100000,10019539736.7002,10649191297.3882,10885328830.6682,10865529382.7483,11238079288.8293,11767216976.1681,12136735451.64,..
GDP (constant 2010 US$),NY.GDP.MKTP.KD,"Yemen, Rep.",YEM,20345854642.0114,21119738902.2012,21950849521.3131,22773435257.8429,23678154700.757,25002177460.5819,25794848834.8019,26655991279.524,27628287079.3955,28696460069.1904,30906749533.221,26976988196.3488,27622544882.6658,28954923601.7352,28900288489.0851,24080164528.6381,20800094925.4673,19564086827.7781,..
GDP (constant 2010 US$),NY.GDP.MKTP.KD,Zambia,ZMB,9881983406.64151,10407395447.2494,10876354172.3124,11631714139.7928,12449702236.768,13350512768.1307,14405696504.1379,15608923120.2185,16822344541.4938,18373423318.2548,20265556273.582,21393258426.9663,23018636259.4067,24183235704.905,25318838464.9059,26058118446.5615,27037168289.1747,27957288778.6371,..
GDP (constant 2010 US$),NY.GDP.MKTP.KD,Zimbabwe,ZWE,17216768344.4617,17464623536.8835,15911315829.7766,13207175846.1922,12440164050.118,11729695852.2472,11323673010.8946,10909982202.4818,8982303273.31561,10061936649.7681,12041655200,13750837257.6961,16042473245.9454,16361637090.0308,16750541640.3978,17048679958.7274,17177545688.225,17985583516.6265,..
GDP (constant 2010 US$),NY.GDP.MKTP.KD,Arab World,ARB,1368073542297.28,1390284617958.43,1399070248365.51,1473329121287.03,1610879690303.25,1703037590690.69,1813461735747.82,1895701827510.01,2004929498360.26,2014266693130.79,2109932335481.52,2186060984368.27,2332433454638.1,2405557864766.18,2464565376507.44,2546942819373.95,2629524858918.58,2655209611859.68,..
GDP (constant 2010 US$),NY.GDP.MKTP.KD,Caribbean small states,CSS,48021739633.0712,48998392256.6899,50790814677.2149,53714045845.174,55845874048.0647,57923990780.5873,61870339500.2627,63860121162.0323,64654432028.7856,62358855393.0078,63268926036.5313,63967363577.9104,64810148383.0684,65382070241.9555,65812998552.4976,66504883586.6555,65266275279.0164,65391548681.7024,..
GDP (constant 2010 US$),NY.GDP.MKTP.KD,Central Europe and the Baltics,CEB,921330879986.204,949378074694.832,982240852909.693,1025896822117.62,1083068158360.73,1136433897158.41,1211095893362.95,1288549243036.53,1336954710721.19,1290141615627.77,1312221268453.82,1354308055249.84,1364354097525.13,1382608916221.24,1424777369037.72,1478727163483.64,1525349576263.89,1597601966449.12,..
GDP (constant 2010 US$),NY.GDP.MKTP.KD,Early-demographic dividend,EAR,5580570605241.15,5633152644416.79,5721859582777.87,5993361209547.28,6395284676403.42,6799310192483.19,7228881244880.13,7677378127510.21,7952534972518.83,8009291827921.05,8527822449104.14,8973900524052.81,9354137651321.8,9755504756230.09,10146353477397.7,10624679973069.2,11109006700407.4,11617246371199.2,..
GDP (constant 2010 US$),NY.GDP.MKTP.KD,East Asia & Pacific,EAS,10954039361228.6,11247236593155.6,11652899361130.3,12148736352118,12773427083651.2,13418474993301.5,14161877606649.6,15077102924254.8,15607897619050.3,15825159178294.7,16943268044133.5,17725533858605.1,18555477703839.1,19436787938743.7,20239087819172.8,21082159708396.6,21947626554034.5,22947082367517.8,..
GDP (constant 2010 US$),NY.GDP.MKTP.KD,East Asia & Pacific (excluding high income),EAP,3308612294633.62,3530584342742.41,3807971966236.67,4140195528409.59,4510217879246.12,4948509804219.49,5481768541151.36,6148548834247.38,6667158495618.78,7180350450863.24,7882449511059.15,8549254068292.39,9191050315515.71,9852179463414.19,10518347665612.1,11201489691982.8,11910766036476.6,12695172245819,..
GDP (constant 2010 US$),NY.GDP.MKTP.KD,East Asia & Pacific (IDA & IBRD countries),TEA,3301979757329.41,3523506717819.6,3800330951616.49,4131913811861.36,4501241042998.41,4938714197344.61,5470984491484,6136491797178.12,6654124217740.33,7166357972906.52,7867125329023.63,8532674974296.9,9173287828936.52,9833175681073.83,10498086275554.1,11179948878569.1,11887897271611.8,12670838288652.7,..
GDP (constant 2010 US$),NY.GDP.MKTP.KD,Euro area,EMU,11218673005750.2,11460997218606.3,11578156148181.1,11661639594093.1,11932797238654.3,12136235664557.4,12529102219381.8,12911968342293.7,12968747877476.5,12382873800925.8,12641025254256.9,12844003945432.3,12729675447536.8,12698257487767.7,12867631035039.8,13135981787278.4,13372894210252.2,13689436257504.3,..
GDP (constant 2010 US$),NY.GDP.MKTP.KD,Europe & Central Asia,ECS,17447434595611.5,17831573973199.3,18142935432856.8,18482629685313,19082943747941.6,19609951274038.6,20382091217198.3,21137045961984.3,21349808758410,20395585694526.5,20920601404656.3,21423684859028.8,21487440084511.1,21679574983778.1,22078543029742,22513157151418,22925762443822.3,23523733278898.3,..
GDP (constant 2010 US$),NY.GDP.MKTP.KD,Europe & Central Asia (excluding high income),ECA,1920742882038.33,1971119599054.41,2079133277075.74,2221242650022.93,2405114181454.36,2577016798187.69,2786849344714.52,3000869050726.85,3132214698367.32,2944557482063.8,3096286598322.38,3299160640722.63,3420566249964.13,3557878728905.53,3637452551054.23,3657783002911.75,3712935111350.95,3862404189487.91,..
GDP (constant 2010 US$),NY.GDP.MKTP.KD,Europe & Central Asia (IDA & IBRD countries),TEC,2293661245301.94,2349722742636.76,2467019605529.59,2623975120830.47,2827873178768.78,3014889593777.78,3251018073842.44,3496623174463.77,3647615851023.55,3467869522341.54,3635388689813.08,3862104643206.85,3990230783188.07,4134374809488.62,4231104508367.15,4273391690344.8,4347678339314.21,4526494183162.65,..
GDP (constant 2010 US$),NY.GDP.MKTP.KD,European Union,EUU,14782732293843.4,15108595442871.6,15313225050333.6,15514527300746.4,15913056693016.2,16248843796002.4,16792935433059.5,17310185126795.7,17393842582223.1,16637428831486.7,16986909515357.4,17276677893291.7,17204721630524.3,17249045087301.4,17550815056931.7,17957069974821.5,18310163899570.5,18758542785844,..
GDP (constant 2010 US$),NY.GDP.MKTP.KD,Fragile and conflict affected situations,FCS,411695871385.467,423415855182.473,421471905673.294,401325702294.434,457474783058.252,488049838558.324,520962743898.874,548919607487.084,577960896754.01,605283949809.336,644646998633.361,608999070844.39,694687699023.164,719897782357.53,727745722806.581,745343623422.021,783954316119.729,806247770918.444,..
GDP (constant 2010 US$),NY.GDP.MKTP.KD,Heavily indebted poor countries (HIPC),HPC,282998006161.645,295108886769.32,305490385836.551,319270845266.769,337030847208.842,357664691484.493,379271905302.906,404516136101.893,428978993315.508,447186250916.734,473380190094.03,494826567079.464,523315583598.842,553766128682.738,584706843378.55,613809472397.551,641313527037.47,674767233300.904,..
GDP (constant 2010 US$),NY.GDP.MKTP.KD,High income,HIC,38787198177352.9,39339689990220.3,39914858049647.8,40775750080011.4,42131189975814.8,43307561268726.1,44622030894019.7,45806730935181.1,45967757069088.1,44393081182815.6,45719294230837.4,46580558855717.6,47162379358430.9,47820800137532.3,48785201649382.2,49926522894736.8,50756650071610.4,51886022733031.9,..
GDP (constant 2010 US$),NY.GDP.MKTP.KD,IBRD only,IBD,11267936100972,11635974075585.1,12115192982310.9,12763293392788.4,13743287663981.6,14702569652379.4,15880115428566.3,17253958691323.8,18222968408415.6,18597214022906.2,19985795436049.1,21223368925272.1,22290430951061.7,23396347803054.5,24396889951653.1,25326242404514.9,26364267038951.7,27646202185958.7,..
GDP (constant 2010 US$),NY.GDP.MKTP.KD,IDA & IBRD total,IBT,12089764368860,12494295865537.5,13023450827527,13718059131631.1,14763853091933,15790196016548.8,17036990277032.8,18487884329156.6,19522943571565.3,19963303231512.9,21438046280698.5,22744411455425.8,23890808804941.2,25090931528442.9,26187564199481.1,27192568460123.4,28289272740805.2,29654031388467.1,..
GDP (constant 2010 US$),NY.GDP.MKTP.KD,IDA blend,IDB,397387761607.642,413281754830.893,445672560982.758,467783741911.544,503975879806.9,536334977470.66,568342837940.169,602151394137.767,628581151489.651,664723118615.709,706536095373.902,741992171794.059,775893270431.903,821159407235.521,869297446426.908,902544407236.859,916823044020.392,942405074736.052,..
GDP (constant 2010 US$),NY.GDP.MKTP.KD,IDA only,IDX,423267788371.606,444652823007.046,462014124548.766,486350539849.16,515095383358.959,549562237970.08,585984851685.797,628264915386.435,668148668379.998,699654303253.511,743067809596.669,774930347106.013,820847769037.746,870447511284.807,919365238894.874,962348937651.876,1007630376306.41,1066001906589.81,..
GDP (constant 2010 US$),NY.GDP.MKTP.KD,IDA total,IDA,824153804595.347,861328800621.824,912301727549.915,958913664249.977,1024626313721.84,1091745261553.28,1160359101780,1236467402671.96,1302484179254.32,1370778416181.44,1456434804463.07,1524344157700.79,1604004491489.52,1699213184106.79,1796814651058.55,1872987050447.11,1931253242729.6,2013965193202.44,..
GDP (constant 2010 US$),NY.GDP.MKTP.KD,Late-demographic dividend,LTE,7089913818225.34,7424499173558.58,7836114332656.47,8332809827644.23,8987840317957,9631982066298.76,10474224000056.3,11481039905957.4,12229497292347.9,12553738394421.5,13513137975049.5,14440018579408.2,15215587414092.3,16007480568419.3,16742512723533.2,17380662600911,18023633635078.1,18886972008872.5,..
GDP (constant 2010 US$),NY.GDP.MKTP.KD,Latin America & Caribbean,LCN,3915759172385.45,3950187332636.81,3961651546813.78,4023360041026.41,4278532316587.47,4460257983474.21,4695157401850.63,4954057310547.59,5148191065674.58,5051629433357.8,5347330835424.51,5582367031451.42,5738161311012.74,5896472359597.25,5956036483171.1,5961021031374.93,5935150645141.91,6034653286862.45,..
GDP (constant 2010 US$),NY.GDP.MKTP.KD,Latin America & Caribbean (excluding high income),LAC,3287608321408.98,3325195872677.88,3363255183545.6,3392688161934.54,3597286414358.75,3738434566278.65,3929747917486.81,4141108138826.22,4308209660897.08,4241824454961.24,4481072174864.07,4672053231569.38,4815069222843.6,4948158408243.34,5012256992483.86,4995342385873.16,4974210664113.72,5055266843088.35,..
GDP (constant 2010 US$),NY.GDP.MKTP.KD,Latin America & the Caribbean (IDA & IBRD countries),TLA,3757182546680.6,3784389535135.41,3794141737802.79,3854141563520.84,4097279171980.85,4275113984010.66,4504377427922.17,4759487891708.23,4952883403240.64,4858798677879.54,5152710424889.5,5386012654707.15,5539782954563.73,5696348192688.6,5756248867619.36,5758784340302.62,5733925131653.04,5834166344825.39,..
GDP (constant 2010 US$),NY.GDP.MKTP.KD,Least developed countries: UN classification,LDC,354539901153.702,373264026969.649,393061138833.137,414196412992.39,442833025361.008,479667001542.315,516619558993.375,560455091209.67,600544910441.62,628080110308.546,667272769017.931,693963895589.976,735787622146.262,777716717460.709,820459964396.295,855444544147.259,887235568988.556,930507821924.018,..
GDP (constant 2010 US$),NY.GDP.MKTP.KD,Low & middle income,LMY,11261676447814.6,11670916897434,12219646328928.7,12869980958934.1,13858576239074.8,14834635124414.9,16017622265222,17394030957395.6,18383381609048.2,18845438703076.8,20251031074492,21492796147256.7,22624111682750,23794411346630.3,24878926451862.9,25846362651547.8,26929655259583.6,28247383344785.9,..
GDP (constant 2010 US$),NY.GDP.MKTP.KD,Low income,LIC,242734088916.61,253719798109.452,259646116207.821,267388397334.835,281996684829.357,298724436703.162,312994291172.082,331827720900.349,348047490583.533,366346932228.355,392927956726.571,409527360435.479,435644870310.437,460263274783.249,486920544279.246,503610605279.105,519793923606.821,546364857398.003,..
GDP (constant 2010 US$),NY.GDP.MKTP.KD,Lower middle income,LMC,2455674996347.18,2564619886665.32,2688032405946.8,2854389197479.82,3054168375220.55,3270131892095.36,3511860286797.97,3785814869796.11,3973765298591.14,4176277335874.16,4486999779580.24,4735410279270.31,4982400261355.04,5261877036670.37,5559614586293.11,5873759017466.13,6176228396043.97,6505268884457.72,..
GDP (constant 2010 US$),NY.GDP.MKTP.KD,Middle East & North Africa,MEA,1828131859120.42,1850453749913.43,1880933985204.28,1983500993167.69,2143072154750.52,2251647687458.44,2386609089092.34,2509351712369.82,2621112983675.96,2635932030675.61,2767867932129.79,2868934332445.67,2980658379965.5,3059989786035.18,3147977031179.43,3229016317176.5,3384830142722.31,3438098658930.03,..
GDP (constant 2010 US$),NY.GDP.MKTP.KD,Middle East & North Africa (excluding high income),MNA,902717637847.06,922957415277.379,954350580531.753,980789993807.451,1059274874653.17,1107445726081.17,1168055459672.35,1238616755051.62,1281163595574.46,1314677747388.02,1383517142376.51,1370203528164.93,1409479626416.99,1432183190930.33,1462100732869.07,1477363718722.62,1586950090048.72,1634031956885.5,..
GDP (constant 2010 US$),NY.GDP.MKTP.KD,Middle East & North Africa (IDA & IBRD countries),TMN,895795331461.773,916506418694.036,948004899470.079,973815116319.575,1051698610054.94,1099019516397.67,1160050232201.8,1230778088480.96,1273942810952.16,1306012687115.44,1374620791122.45,1360596317175.5,1398426017429.73,1421628585238.66,1451675530777.2,1465598416882.36,1574795702142.81,1622313771199.07,..
GDP (constant 2010 US$),NY.GDP.MKTP.KD,Middle income,MIC,11023740204688.7,11422717437660.7,11964260206350.4,12605715263713.9,13578610730273.7,14537381551169.8,15704071877366,17059789459772.8,18032187224896.1,18478009943883.3,19856773794969.2,21080175567878.2,22186260334663.2,23332306850522.3,24391387557708.1,25341623624006.3,26407619148815.8,27698912662804.1,..
GDP (constant 2010 US$),NY.GDP.MKTP.KD,North America,NAC,14060741014235,14208952809824.1,14479294373341.5,14871587432840.9,15424480380796.4,15938245426101.8,16362761724328.5,16658294282445.3,16630456481712.4,16165910684040.7,16583580836811.1,16873719088056.7,17240639956499,17543107427996.8,17998797135482.9,18480631549886.3,18753837183579,19194328508917.2,..
GDP (constant 2010 US$),NY.GDP.MKTP.KD,Not classified,INX,..,..,..,..,..,..,..,..,..,..,..,..,..,..,..,..,..,..,..
GDP (constant 2010 US$),NY.GDP.MKTP.KD,OECD members,OED,38262227558110.1,38785213661910.5,39393088456064.1,40166333256123.5,41441817524975.4,42561725560162,43813618431288.5,44914041562695.6,44997490235309.1,43400069735594.3,44647279651025.7,45451855886116.6,46021996083870.2,46676541585964.5,47646126991372.7,48806940212952.1,49654090720003.2,50837273018524.6,..
GDP (constant 2010 US$),NY.GDP.MKTP.KD,Other small states,OSS,169183615723.691,176482467921.768,184567814303.685,192493735044.914,210924929316.356,223792652150.441,248834871956.713,273560219493.028,294036066594.744,299487878433.22,324296889115.896,349169892965.271,361962582898.147,372896795078.671,383750676223.305,394288960031.746,403236087230.843,411647683291.942,..
GDP (constant 2010 US$),NY.GDP.MKTP.KD,Pacific island small states,PSS,5339730000.96157,5401779373.70174,5505366379.10735,5618177067.25188,5836655761.86152,5969604025.29027,6117818491.12539,6197005690.47786,6319912406.86065,6235682715.55797,6416546872.32604,6679807317.49835,6797336687.31409,6983945053.12664,7259504468.80312,7496899515.74603,7663213440.51062,7916643517.22803,..
GDP (constant 2010 US$),NY.GDP.MKTP.KD,Post-demographic dividend,PST,36478902968942.8,37027983955733.6,37599025524814.3,38329474166072.3,39514988537892,40551885740590.9,41701971469037.9,42727428286719.3,42792731446371.3,41262280816571.3,42412404216511.4,43077321571368.2,43557227689921.4,44114402896435.5,44958801161555.8,45909750216629.4,46653036162352.5,47688611639570.6,..
GDP (constant 2010 US$),NY.GDP.MKTP.KD,Pre-demographic dividend,PRE,554356975852.128,581221962634.618,616554223435.692,614526373855.176,693957052289.175,741355282532.98,794414436856.925,847115476646.913,905383043472.314,951231903444.19,1011298380634.19,1059006230694.98,1126843211448.48,1193692890078.53,1251225163524.05,1291318240707.35,1326963893997.22,1348777788051.27,..
GDP (constant 2010 US$),NY.GDP.MKTP.KD,Small states,SST,222588217404.517,230924029443.962,240906208173.934,251872408206.213,272650034079.821,287727898148.011,316862797569.062,343649735013.676,365032794500.825,368094597640.765,393982362024.753,419804471978.614,433552337695.796,445240509297.2,456796207443.972,468259935485.262,476126164479.899,484912359300.874,..
GDP (constant 2010 US$),NY.GDP.MKTP.KD,South Asia,SAS,1041704856103.35,1086445016372.89,1126831534395.62,1208440939269.08,1299522011922.29,1413485291982.28,1536063421776.77,1674426481090.75,1739441943579.68,1871741720263.34,2042061634081.08,2170091485535.08,2289482810649.46,2428860675693,2598708716003.27,2796479438542.64,2987714650924.27,3182806602491.87,..
GDP (constant 2010 US$),NY.GDP.MKTP.KD,South Asia (IDA & IBRD),TSA,1041704856103.35,1086445016372.89,1126831534395.62,1208440939269.08,1299522011922.29,1413485291982.28,1536063421776.77,1674426481090.75,1739441943579.68,1871741720263.34,2042061634081.08,2170091485535.08,2289482810649.46,2428860675693,2598708716003.27,2796479438542.64,2987714650924.27,3182806602491.87,..
GDP (constant 2010 US$),NY.GDP.MKTP.KD,Sub-Saharan Africa,SSF,805198818575.953,839407187454.015,892869323177.384,930622937045.325,991516660860.025,1053397739164.55,1117931036351.46,1192339328389.5,1256148670372.17,1294011152876.69,1366254396942.11,1428484011735.59,1493474628591.88,1568013672642.89,1641469599913.93,1689677545760.99,1710248662976.26,1753480028104.6,..
GDP (constant 2010 US$),NY.GDP.MKTP.KD,Sub-Saharan Africa (excluding high income),SSA,804403060529.689,838629961380.811,892083043151.58,929883723618.991,990799270727.081,1052615506670.74,1117074928720.34,1191393639761.8,1255224054120.88,1293097201242.5,1365285978395.57,1427438819465.85,1492416719294.98,1566891947017.57,1640297370634.12,1688447116723.38,1708962282503.08,1752125201950.72,..
GDP (constant 2010 US$),NY.GDP.MKTP.KD,Sub-Saharan Africa (IDA & IBRD countries),TSS,805198818575.954,839407187454.015,892869323177.384,930622937045.326,991516660860.025,1053397739164.55,1117931036351.46,1192339328389.5,1256148670372.17,1294011152876.69,1366254396942.11,1428484011735.59,1493474628591.88,1568013672642.89,1641469599913.93,1689677545760.99,1710248662976.26,1753480028104.6,..
GDP (constant 2010 US$),NY.GDP.MKTP.KD,Upper middle income,UMC,8568056789752.42,8858093438455.36,9276223825367.54,9751327422325.74,10524438700445.5,11267245824207.1,12192202283981.8,13273957195384.4,14058396537972,14301732817876.6,15369774015389,16344758235873.9,17203852278557.7,18070427177133.1,18831785028776,19465669333225.6,20227849577104.2,21189317665178.7,..
GDP (constant 2010 US$),NY.GDP.MKTP.KD,World,WLD,50060274833266.9,51021457937216.4,52144435942764.1,53654897903168.5,55997818508305.8,58148982542282.4,60644790808458.8,63203628669851.5,64351667473006.8,63236268662831.4,65965875326710.8,68066644977801.6,69777451050515.9,71603821018355.3,73650977392768.3,75754089383592.8,77658144982077.4,80094857689261.6,..
,,,,,,,,,,,,,,,,,,,,,,
,,,,,,,,,,,,,,,,,,,,,,
,,,,,,,,,,,,,,,,,,,,,,
Data from database: World Development Indicators,,,,,,,,,,,,,,,,,,,,,,
Last Updated: 03/21/2019,,,,,,,,,,,,,,,,,,,,,,
